<annotation><size><width>600</width><height>402</height><depth>3</depth></size><object><name>tanker</name><bndbox><xmin>407</xmin><ymin>50</ymin><xmax>481</xmax><ymax>220</ymax></bndbox><segment_polygons><polygon><point><value>481</value><value>213</value></point><point><value>475</value><value>79</value></point><point><value>473</value><value>67</value></point><point><value>466</value><value>59</value></point><point><value>455</value><value>52</value></point><point><value>443</value><value>50</value></point><point><value>434</value><value>52</value></point><point><value>421</value><value>58</value></point><point><value>414</value><value>70</value></point><point><value>409</value><value>82</value></point><point><value>407</value><value>99</value></point><point><value>410</value><value>125</value></point><point><value>410</value><value>176</value></point><point><value>414</value><value>220</value></point></polygon></segment_polygons></object><object><name>tanker</name><bndbox><xmin>344</xmin><ymin>92</ymin><xmax>406</xmax><ymax>229</ymax></bndbox><segment_polygons><polygon><point><value>406</value><value>218</value></point><point><value>404</value><value>117</value></point><point><value>399</value><value>101</value></point><point><value>386</value><value>93</value></point><point><value>375</value><value>92</value></point><point><value>363</value><value>94</value></point><point><value>355</value><value>102</value></point><point><value>346</value><value>113</value></point><point><value>346</value><value>127</value></point><point><value>344</value><value>172</value></point><point><value>347</value><value>210</value></point><point><value>344</value><value>229</value></point></polygon></segment_polygons></object><object><name>tanker</name><bndbox><xmin>283</xmin><ymin>107</ymin><xmax>343</xmax><ymax>234</ymax></bndbox><segment_polygons><polygon><point><value>339</value><value>227</value></point><point><value>343</value><value>127</value></point><point><value>338</value><value>115</value></point><point><value>320</value><value>107</value></point><point><value>305</value><value>107</value></point><point><value>292</value><value>121</value></point><point><value>285</value><value>130</value></point><point><value>283</value><value>234</value></point></polygon></segment_polygons></object><object><name>tanker</name><bndbox><xmin>243</xmin><ymin>120</ymin><xmax>283</xmax><ymax>234</ymax></bndbox><segment_polygons><polygon><point><value>280</value><value>233</value></point><point><value>283</value><value>134</value></point><point><value>278</value><value>121</value></point><point><value>265</value><value>120</value></point><point><value>254</value><value>122</value></point><point><value>249</value><value>131</value></point><point><value>243</value><value>141</value></point><point><value>246</value><value>187</value></point><point><value>243</value><value>234</value></point></polygon></segment_polygons></object><object><name>building</name><bndbox><xmin>4</xmin><ymin>216</ymin><xmax>530</xmax><ymax>291</ymax></bndbox><segment_polygons><polygon><point><value>529</value><value>285</value></point><point><value>530</value><value>252</value></point><point><value>498</value><value>216</value></point><point><value>36</value><value>258</value></point><point><value>4</value><value>274</value></point><point><value>55</value><value>272</value></point><point><value>94</value><value>274</value></point><point><value>201</value><value>283</value></point><point><value>298</value><value>291</value></point><point><value>346</value><value>289</value></point><point><value>395</value><value>288</value></point><point><value>437</value><value>284</value></point><point><value>474</value><value>280</value></point></polygon></segment_polygons></object></annotation>