<annotation><size><width>770</width><height>400</height><depth>3</depth></size><object><name>building</name><bndbox><xmin>458</xmin><ymin>203</ymin><xmax>631</xmax><ymax>253</ymax></bndbox><segment_polygons><polygon><point><value>485</value><value>253</value></point><point><value>629</value><value>228</value></point><point><value>631</value><value>219</value></point><point><value>615</value><value>203</value></point><point><value>472</value><value>229</value></point><point><value>458</value><value>231</value></point><point><value>458</value><value>237</value></point></polygon></segment_polygons></object><object><name>building</name><bndbox><xmin>412</xmin><ymin>177</ymin><xmax>579</xmax><ymax>224</ymax></bndbox><segment_polygons><polygon><point><value>438</value><value>224</value></point><point><value>578</value><value>202</value></point><point><value>579</value><value>193</value></point><point><value>564</value><value>177</value></point><point><value>550</value><value>180</value></point><point><value>425</value><value>202</value></point><point><value>412</value><value>205</value></point><point><value>412</value><value>213</value></point></polygon></segment_polygons></object><object><name>building</name><bndbox><xmin>369</xmin><ymin>156</ymin><xmax>531</xmax><ymax>200</ymax></bndbox><segment_polygons><polygon><point><value>392</value><value>200</value></point><point><value>531</value><value>179</value></point><point><value>531</value><value>171</value></point><point><value>518</value><value>156</value></point><point><value>506</value><value>156</value></point><point><value>380</value><value>177</value></point><point><value>369</value><value>183</value></point><point><value>369</value><value>187</value></point></polygon></segment_polygons></object><object><name>building</name><bndbox><xmin>328</xmin><ymin>135</ymin><xmax>485</xmax><ymax>176</ymax></bndbox><segment_polygons><polygon><point><value>350</value><value>176</value></point><point><value>482</value><value>158</value></point><point><value>485</value><value>149</value></point><point><value>472</value><value>135</value></point><point><value>466</value><value>135</value></point><point><value>342</value><value>154</value></point><point><value>328</value><value>156</value></point><point><value>328</value><value>162</value></point></polygon></segment_polygons></object><object><name>building</name><bndbox><xmin>291</xmin><ymin>114</ymin><xmax>442</xmax><ymax>153</ymax></bndbox><segment_polygons><polygon><point><value>309</value><value>153</value></point><point><value>441</value><value>136</value></point><point><value>442</value><value>129</value></point><point><value>433</value><value>114</value></point><point><value>423</value><value>114</value></point><point><value>300</value><value>129</value></point><point><value>292</value><value>133</value></point><point><value>291</value><value>139</value></point></polygon></segment_polygons></object><object><name>building</name><bndbox><xmin>255</xmin><ymin>93</ymin><xmax>402</xmax><ymax>133</ymax></bndbox><segment_polygons><polygon><point><value>271</value><value>133</value></point><point><value>400</value><value>115</value></point><point><value>402</value><value>107</value></point><point><value>391</value><value>93</value></point><point><value>381</value><value>95</value></point><point><value>258</value><value>111</value></point><point><value>255</value><value>115</value></point><point><value>255</value><value>118</value></point></polygon></segment_polygons></object><object><name>building</name><bndbox><xmin>217</xmin><ymin>75</ymin><xmax>363</xmax><ymax>111</ymax></bndbox><segment_polygons><polygon><point><value>237</value><value>111</value></point><point><value>363</value><value>94</value></point><point><value>363</value><value>89</value></point><point><value>354</value><value>75</value></point><point><value>345</value><value>76</value></point><point><value>220</value><value>91</value></point><point><value>217</value><value>96</value></point><point><value>218</value><value>100</value></point></polygon></segment_polygons></object><object><name>building</name><bndbox><xmin>186</xmin><ymin>59</ymin><xmax>327</xmax><ymax>91</ymax></bndbox><segment_polygons><polygon><point><value>202</value><value>91</value></point><point><value>325</value><value>76</value></point><point><value>327</value><value>71</value></point><point><value>318</value><value>59</value></point><point><value>307</value><value>59</value></point><point><value>188</value><value>74</value></point><point><value>186</value><value>78</value></point></polygon></segment_polygons></object><object><name>building</name><bndbox><xmin>165</xmin><ymin>60</ymin><xmax>198</xmax><ymax>73</ymax></bndbox><segment_polygons><polygon><point><value>179</value><value>73</value></point><point><value>165</value><value>67</value></point><point><value>165</value><value>61</value></point><point><value>188</value><value>60</value></point><point><value>198</value><value>61</value></point><point><value>198</value><value>68</value></point></polygon></segment_polygons></object><object><name>tanker</name><bndbox><xmin>216</xmin><ymin>40</ymin><xmax>229</xmax><ymax>57</ymax></bndbox><segment_polygons><polygon><point><value>228</value><value>57</value></point><point><value>229</value><value>42</value></point><point><value>223</value><value>40</value></point><point><value>217</value><value>46</value></point><point><value>216</value><value>56</value></point></polygon></segment_polygons></object><object><name>trees</name><bndbox><xmin>669</xmin><ymin>216</ymin><xmax>769</xmax><ymax>301</ymax></bndbox><segment_polygons><polygon><point><value>764</value><value>216</value></point><point><value>745</value><value>225</value></point><point><value>716</value><value>224</value></point><point><value>708</value><value>235</value></point><point><value>694</value><value>241</value></point><point><value>680</value><value>241</value></point><point><value>683</value><value>252</value></point><point><value>687</value><value>263</value></point><point><value>675</value><value>260</value></point><point><value>669</value><value>284</value></point><point><value>681</value><value>291</value></point><point><value>700</value><value>301</value></point><point><value>720</value><value>297</value></point><point><value>737</value><value>292</value></point><point><value>755</value><value>284</value></point><point><value>761</value><value>278</value></point><point><value>763</value><value>268</value></point><point><value>765</value><value>256</value></point><point><value>757</value><value>250</value></point><point><value>755</value><value>248</value></point><point><value>769</value><value>245</value></point></polygon></segment_polygons></object><object><name>trees</name><bndbox><xmin>0</xmin><ymin>198</ymin><xmax>767</xmax><ymax>397</ymax></bndbox><segment_polygons><polygon><point><value>765</value><value>318</value></point><point><value>746</value><value>293</value></point><point><value>743</value><value>307</value></point><point><value>732</value><value>316</value></point><point><value>720</value><value>316</value></point><point><value>714</value><value>307</value></point><point><value>692</value><value>313</value></point><point><value>687</value><value>309</value></point><point><value>676</value><value>304</value></point><point><value>656</value><value>315</value></point><point><value>644</value><value>324</value></point><point><value>642</value><value>343</value></point><point><value>626</value><value>359</value></point><point><value>613</value><value>365</value></point><point><value>607</value><value>373</value></point><point><value>592</value><value>372</value></point><point><value>580</value><value>364</value></point><point><value>570</value><value>368</value></point><point><value>562</value><value>355</value></point><point><value>544</value><value>355</value></point><point><value>540</value><value>355</value></point><point><value>539</value><value>340</value></point><point><value>553</value><value>338</value></point><point><value>553</value><value>321</value></point><point><value>539</value><value>318</value></point><point><value>543</value><value>297</value></point><point><value>526</value><value>302</value></point><point><value>524</value><value>287</value></point><point><value>512</value><value>287</value></point><point><value>503</value><value>289</value></point><point><value>498</value><value>281</value></point><point><value>485</value><value>287</value></point><point><value>479</value><value>289</value></point><point><value>464</value><value>293</value></point><point><value>459</value><value>299</value></point><point><value>458</value><value>304</value></point><point><value>453</value><value>293</value></point><point><value>440</value><value>293</value></point><point><value>429</value><value>299</value></point><point><value>427</value><value>308</value></point><point><value>427</value><value>322</value></point><point><value>419</value><value>332</value></point><point><value>419</value><value>332</value></point><point><value>409</value><value>343</value></point><point><value>409</value><value>353</value></point><point><value>409</value><value>371</value></point><point><value>406</value><value>357</value></point><point><value>405</value><value>349</value></point><point><value>396</value><value>346</value></point><point><value>397</value><value>332</value></point><point><value>398</value><value>322</value></point><point><value>401</value><value>312</value></point><point><value>386</value><value>304</value></point><point><value>386</value><value>314</value></point><point><value>386</value><value>330</value></point><point><value>378</value><value>330</value></point><point><value>378</value><value>342</value></point><point><value>385</value><value>359</value></point><point><value>373</value><value>351</value></point><point><value>372</value><value>331</value></point><point><value>366</value><value>332</value></point><point><value>366</value><value>339</value></point><point><value>361</value><value>339</value></point><point><value>359</value><value>329</value></point><point><value>360</value><value>318</value></point><point><value>351</value><value>305</value></point><point><value>343</value><value>303</value></point><point><value>343</value><value>323</value></point><point><value>343</value><value>336</value></point><point><value>338</value><value>342</value></point><point><value>336</value><value>353</value></point><point><value>337</value><value>356</value></point><point><value>335</value><value>360</value></point><point><value>327</value><value>371</value></point><point><value>322</value><value>361</value></point><point><value>318</value><value>343</value></point><point><value>309</value><value>347</value></point><point><value>306</value><value>354</value></point><point><value>297</value><value>370</value></point><point><value>296</value><value>347</value></point><point><value>301</value><value>343</value></point><point><value>304</value><value>337</value></point><point><value>306</value><value>325</value></point><point><value>306</value><value>310</value></point><point><value>300</value><value>300</value></point><point><value>290</value><value>299</value></point><point><value>289</value><value>299</value></point><point><value>285</value><value>294</value></point><point><value>277</value><value>300</value></point><point><value>277</value><value>300</value></point><point><value>262</value><value>314</value></point><point><value>272</value><value>293</value></point><point><value>262</value><value>283</value></point><point><value>253</value><value>293</value></point><point><value>251</value><value>299</value></point><point><value>250</value><value>318</value></point><point><value>252</value><value>343</value></point><point><value>259</value><value>353</value></point><point><value>258</value><value>358</value></point><point><value>248</value><value>361</value></point><point><value>248</value><value>371</value></point><point><value>248</value><value>372</value></point><point><value>244</value><value>365</value></point><point><value>245</value><value>342</value></point><point><value>230</value><value>357</value></point><point><value>230</value><value>378</value></point><point><value>223</value><value>376</value></point><point><value>208</value><value>375</value></point><point><value>198</value><value>376</value></point><point><value>192</value><value>351</value></point><point><value>172</value><value>351</value></point><point><value>157</value><value>343</value></point><point><value>144</value><value>340</value></point><point><value>136</value><value>335</value></point><point><value>136</value><value>316</value></point><point><value>133</value><value>304</value></point><point><value>126</value><value>286</value></point><point><value>125</value><value>285</value></point><point><value>125</value><value>274</value></point><point><value>115</value><value>258</value></point><point><value>107</value><value>253</value></point><point><value>89</value><value>233</value></point><point><value>85</value><value>216</value></point><point><value>68</value><value>211</value></point><point><value>67</value><value>212</value></point><point><value>61</value><value>206</value></point><point><value>50</value><value>198</value></point><point><value>38</value><value>206</value></point><point><value>23</value><value>217</value></point><point><value>12</value><value>209</value></point><point><value>4</value><value>212</value></point><point><value>0</value><value>396</value></point><point><value>767</value><value>397</value></point></polygon></segment_polygons></object><object><name>trees</name><bndbox><xmin>53</xmin><ymin>0</ymin><xmax>768</xmax><ymax>107</ymax></bndbox><segment_polygons><polygon><point><value>764</value><value>107</value></point><point><value>749</value><value>90</value></point><point><value>722</value><value>80</value></point><point><value>693</value><value>69</value></point><point><value>654</value><value>61</value></point><point><value>588</value><value>45</value></point><point><value>568</value><value>40</value></point><point><value>530</value><value>34</value></point><point><value>489</value><value>36</value></point><point><value>469</value><value>26</value></point><point><value>433</value><value>17</value></point><point><value>389</value><value>10</value></point><point><value>369</value><value>9</value></point><point><value>339</value><value>11</value></point><point><value>284</value><value>13</value></point><point><value>234</value><value>17</value></point><point><value>169</value><value>16</value></point><point><value>125</value><value>16</value></point><point><value>104</value><value>6</value></point><point><value>64</value><value>5</value></point><point><value>53</value><value>2</value></point><point><value>91</value><value>4</value></point><point><value>118</value><value>0</value></point><point><value>208</value><value>0</value></point><point><value>314</value><value>1</value></point><point><value>767</value><value>1</value></point><point><value>768</value><value>99</value></point></polygon></segment_polygons></object><object><name>building</name><bndbox><xmin>159</xmin><ymin>165</ymin><xmax>189</xmax><ymax>183</ymax></bndbox><segment_polygons><polygon><point><value>171</value><value>183</value></point><point><value>189</value><value>178</value></point><point><value>189</value><value>170</value></point><point><value>184</value><value>165</value></point><point><value>166</value><value>167</value></point><point><value>159</value><value>172</value></point><point><value>159</value><value>177</value></point></polygon></segment_polygons></object></annotation>