<annotation><size><width>1000</width><height>667</height><depth>3</depth></size><object><name>building</name><bndbox><xmin>344</xmin><ymin>287</ymin><xmax>699</xmax><ymax>543</ymax></bndbox><segment_polygons><polygon><point><value>500</value><value>543</value></point><point><value>699</value><value>348</value></point><point><value>648</value><value>317</value></point><point><value>685</value><value>294</value></point><point><value>662</value><value>287</value></point><point><value>637</value><value>289</value></point><point><value>349</value><value>453</value></point><point><value>344</value><value>484</value></point></polygon></segment_polygons></object><object><name>building</name><bndbox><xmin>312</xmin><ymin>283</ymin><xmax>555</xmax><ymax>393</ymax></bndbox><segment_polygons><polygon><point><value>439</value><value>393</value></point><point><value>555</value><value>333</value></point><point><value>554</value><value>310</value></point><point><value>529</value><value>294</value></point><point><value>504</value><value>300</value></point><point><value>481</value><value>283</value></point><point><value>464</value><value>283</value></point><point><value>317</value><value>338</value></point><point><value>312</value><value>360</value></point></polygon></segment_polygons></object><object><name>building</name><bndbox><xmin>492</xmin><ymin>251</ymin><xmax>636</xmax><ymax>319</ymax></bndbox><segment_polygons><polygon><point><value>571</value><value>319</value></point><point><value>636</value><value>287</value></point><point><value>623</value><value>269</value></point><point><value>595</value><value>269</value></point><point><value>564</value><value>251</value></point><point><value>492</value><value>280</value></point><point><value>513</value><value>297</value></point><point><value>534</value><value>291</value></point></polygon></segment_polygons></object><object><name>building</name><bndbox><xmin>702</xmin><ymin>299</ymin><xmax>740</xmax><ymax>338</ymax></bndbox><segment_polygons><polygon><point><value>714</value><value>338</value></point><point><value>740</value><value>314</value></point><point><value>732</value><value>299</value></point><point><value>724</value><value>301</value></point><point><value>702</value><value>329</value></point></polygon></segment_polygons></object><object><name>building</name><bndbox><xmin>835</xmin><ymin>262</ymin><xmax>935</xmax><ymax>315</ymax></bndbox><segment_polygons><polygon><point><value>835</value><value>292</value></point><point><value>849</value><value>270</value></point><point><value>857</value><value>262</value></point><point><value>904</value><value>270</value></point><point><value>918</value><value>267</value></point><point><value>935</value><value>280</value></point><point><value>934</value><value>295</value></point><point><value>927</value><value>315</value></point><point><value>888</value><value>306</value></point></polygon></segment_polygons></object><object><name>building</name><bndbox><xmin>413</xmin><ymin>235</ymin><xmax>454</xmax><ymax>258</ymax></bndbox><segment_polygons><polygon><point><value>413</value><value>258</value></point><point><value>413</value><value>245</value></point><point><value>417</value><value>235</value></point><point><value>450</value><value>237</value></point><point><value>454</value><value>248</value></point><point><value>454</value><value>253</value></point><point><value>444</value><value>255</value></point></polygon></segment_polygons></object><object><name>building</name><bndbox><xmin>464</xmin><ymin>244</ymin><xmax>511</xmax><ymax>267</ymax></bndbox><segment_polygons><polygon><point><value>464</value><value>267</value></point><point><value>464</value><value>249</value></point><point><value>470</value><value>244</value></point><point><value>511</value><value>245</value></point><point><value>500</value><value>266</value></point></polygon></segment_polygons></object><object><name>trees</name><bndbox><xmin>2</xmin><ymin>191</ymin><xmax>42</xmax><ymax>226</ymax></bndbox><segment_polygons><polygon><point><value>2</value><value>226</value></point><point><value>13</value><value>226</value></point><point><value>20</value><value>217</value></point><point><value>22</value><value>222</value></point><point><value>32</value><value>222</value></point><point><value>42</value><value>219</value></point><point><value>39</value><value>214</value></point><point><value>33</value><value>208</value></point><point><value>27</value><value>208</value></point><point><value>31</value><value>197</value></point><point><value>17</value><value>193</value></point><point><value>5</value><value>191</value></point><point><value>2</value><value>191</value></point></polygon></segment_polygons></object><object><name>trees</name><bndbox><xmin>36</xmin><ymin>187</ymin><xmax>83</xmax><ymax>224</ymax></bndbox><segment_polygons><polygon><point><value>52</value><value>224</value></point><point><value>40</value><value>211</value></point><point><value>43</value><value>207</value></point><point><value>36</value><value>196</value></point><point><value>52</value><value>191</value></point><point><value>62</value><value>187</value></point><point><value>81</value><value>190</value></point><point><value>80</value><value>206</value></point><point><value>83</value><value>214</value></point><point><value>83</value><value>216</value></point><point><value>74</value><value>216</value></point><point><value>66</value><value>221</value></point><point><value>58</value><value>216</value></point></polygon></segment_polygons></object><object><name>trees</name><bndbox><xmin>91</xmin><ymin>181</ymin><xmax>154</xmax><ymax>219</ymax></bndbox><segment_polygons><polygon><point><value>105</value><value>219</value></point><point><value>97</value><value>210</value></point><point><value>99</value><value>199</value></point><point><value>91</value><value>195</value></point><point><value>101</value><value>183</value></point><point><value>112</value><value>183</value></point><point><value>122</value><value>181</value></point><point><value>128</value><value>193</value></point><point><value>141</value><value>190</value></point><point><value>142</value><value>197</value></point><point><value>143</value><value>202</value></point><point><value>154</value><value>207</value></point><point><value>151</value><value>212</value></point><point><value>148</value><value>215</value></point><point><value>140</value><value>214</value></point><point><value>124</value><value>216</value></point></polygon></segment_polygons></object><object><name>trees</name><bndbox><xmin>0</xmin><ymin>168</ymin><xmax>107</xmax><ymax>199</ymax></bndbox><segment_polygons><polygon><point><value>2</value><value>188</value></point><point><value>0</value><value>177</value></point><point><value>11</value><value>178</value></point><point><value>11</value><value>182</value></point><point><value>21</value><value>177</value></point><point><value>29</value><value>177</value></point><point><value>38</value><value>177</value></point><point><value>39</value><value>179</value></point><point><value>46</value><value>177</value></point><point><value>54</value><value>177</value></point><point><value>62</value><value>168</value></point><point><value>70</value><value>168</value></point><point><value>81</value><value>168</value></point><point><value>93</value><value>168</value></point><point><value>100</value><value>170</value></point><point><value>107</value><value>168</value></point><point><value>107</value><value>172</value></point><point><value>107</value><value>177</value></point><point><value>99</value><value>181</value></point><point><value>93</value><value>193</value></point><point><value>91</value><value>199</value></point><point><value>84</value><value>199</value></point><point><value>80</value><value>191</value></point><point><value>58</value><value>186</value></point><point><value>41</value><value>193</value></point><point><value>35</value><value>195</value></point><point><value>12</value><value>189</value></point></polygon></segment_polygons></object><object><name>trees</name><bndbox><xmin>157</xmin><ymin>185</ymin><xmax>201</xmax><ymax>217</ymax></bndbox><segment_polygons><polygon><point><value>174</value><value>217</value></point><point><value>157</value><value>202</value></point><point><value>157</value><value>197</value></point><point><value>165</value><value>188</value></point><point><value>184</value><value>185</value></point><point><value>201</value><value>186</value></point><point><value>200</value><value>199</value></point><point><value>195</value><value>204</value></point><point><value>194</value><value>213</value></point><point><value>188</value><value>216</value></point><point><value>184</value><value>206</value></point></polygon></segment_polygons></object><object><name>trees</name><bndbox><xmin>206</xmin><ymin>190</ymin><xmax>239</xmax><ymax>217</ymax></bndbox><segment_polygons><polygon><point><value>227</value><value>217</value></point><point><value>238</value><value>206</value></point><point><value>239</value><value>199</value></point><point><value>239</value><value>197</value></point><point><value>231</value><value>191</value></point><point><value>224</value><value>190</value></point><point><value>213</value><value>193</value></point><point><value>208</value><value>199</value></point><point><value>206</value><value>208</value></point><point><value>206</value><value>214</value></point><point><value>215</value><value>214</value></point></polygon></segment_polygons></object><object><name>trees</name><bndbox><xmin>577</xmin><ymin>217</ymin><xmax>628</xmax><ymax>260</ymax></bndbox><segment_polygons><polygon><point><value>587</value><value>259</value></point><point><value>590</value><value>246</value></point><point><value>577</value><value>243</value></point><point><value>582</value><value>233</value></point><point><value>590</value><value>233</value></point><point><value>599</value><value>218</value></point><point><value>608</value><value>218</value></point><point><value>623</value><value>217</value></point><point><value>626</value><value>230</value></point><point><value>628</value><value>240</value></point><point><value>625</value><value>251</value></point><point><value>615</value><value>251</value></point><point><value>599</value><value>251</value></point><point><value>598</value><value>260</value></point></polygon></segment_polygons></object><object><name>trees</name><bndbox><xmin>631</xmin><ymin>221</ymin><xmax>679</xmax><ymax>245</ymax></bndbox><segment_polygons><polygon><point><value>665</value><value>245</value></point><point><value>679</value><value>239</value></point><point><value>669</value><value>224</value></point><point><value>652</value><value>221</value></point><point><value>650</value><value>233</value></point><point><value>640</value><value>232</value></point><point><value>631</value><value>241</value></point><point><value>646</value><value>243</value></point></polygon></segment_polygons></object><object><name>trees</name><bndbox><xmin>742</xmin><ymin>220</ymin><xmax>816</xmax><ymax>307</ymax></bndbox><segment_polygons><polygon><point><value>793</value><value>307</value></point><point><value>806</value><value>294</value></point><point><value>812</value><value>288</value></point><point><value>813</value><value>257</value></point><point><value>816</value><value>228</value></point><point><value>801</value><value>220</value></point><point><value>786</value><value>224</value></point><point><value>772</value><value>224</value></point><point><value>768</value><value>236</value></point><point><value>765</value><value>248</value></point><point><value>774</value><value>249</value></point><point><value>776</value><value>262</value></point><point><value>762</value><value>250</value></point><point><value>754</value><value>257</value></point><point><value>749</value><value>265</value></point><point><value>754</value><value>278</value></point><point><value>742</value><value>283</value></point><point><value>751</value><value>285</value></point><point><value>762</value><value>286</value></point><point><value>771</value><value>286</value></point><point><value>782</value><value>286</value></point><point><value>776</value><value>297</value></point></polygon></segment_polygons></object><object><name>trees</name><bndbox><xmin>720</xmin><ymin>134</ymin><xmax>804</xmax><ymax>170</ymax></bndbox><segment_polygons><polygon><point><value>794</value><value>168</value></point><point><value>804</value><value>156</value></point><point><value>800</value><value>142</value></point><point><value>791</value><value>134</value></point><point><value>778</value><value>139</value></point><point><value>764</value><value>141</value></point><point><value>752</value><value>144</value></point><point><value>743</value><value>144</value></point><point><value>739</value><value>154</value></point><point><value>733</value><value>156</value></point><point><value>726</value><value>151</value></point><point><value>720</value><value>164</value></point><point><value>724</value><value>167</value></point><point><value>745</value><value>166</value></point><point><value>759</value><value>170</value></point><point><value>778</value><value>170</value></point></polygon></segment_polygons></object><object><name>trees</name><bndbox><xmin>525</xmin><ymin>117</ymin><xmax>665</xmax><ymax>161</ymax></bndbox><segment_polygons><polygon><point><value>631</value><value>161</value></point><point><value>641</value><value>160</value></point><point><value>652</value><value>160</value></point><point><value>665</value><value>160</value></point><point><value>655</value><value>153</value></point><point><value>652</value><value>145</value></point><point><value>638</value><value>142</value></point><point><value>615</value><value>137</value></point><point><value>617</value><value>123</value></point><point><value>603</value><value>117</value></point><point><value>595</value><value>120</value></point><point><value>584</value><value>120</value></point><point><value>576</value><value>127</value></point><point><value>561</value><value>131</value></point><point><value>547</value><value>132</value></point><point><value>537</value><value>137</value></point><point><value>531</value><value>144</value></point><point><value>525</value><value>151</value></point><point><value>549</value><value>156</value></point><point><value>588</value><value>156</value></point><point><value>598</value><value>158</value></point><point><value>611</value><value>158</value></point></polygon></segment_polygons></object><object><name>trees</name><bndbox><xmin>120</xmin><ymin>125</ymin><xmax>384</xmax><ymax>212</ymax></bndbox><segment_polygons><polygon><point><value>327</value><value>192</value></point><point><value>359</value><value>183</value></point><point><value>361</value><value>189</value></point><point><value>365</value><value>189</value></point><point><value>366</value><value>185</value></point><point><value>376</value><value>185</value></point><point><value>379</value><value>186</value></point><point><value>379</value><value>177</value></point><point><value>384</value><value>170</value></point><point><value>361</value><value>159</value></point><point><value>351</value><value>148</value></point><point><value>346</value><value>139</value></point><point><value>326</value><value>142</value></point><point><value>314</value><value>142</value></point><point><value>301</value><value>141</value></point><point><value>289</value><value>141</value></point><point><value>273</value><value>133</value></point><point><value>253</value><value>133</value></point><point><value>249</value><value>133</value></point><point><value>239</value><value>127</value></point><point><value>223</value><value>131</value></point><point><value>221</value><value>133</value></point><point><value>202</value><value>125</value></point><point><value>190</value><value>131</value></point><point><value>165</value><value>136</value></point><point><value>163</value><value>137</value></point><point><value>137</value><value>142</value></point><point><value>133</value><value>176</value></point><point><value>120</value><value>175</value></point><point><value>121</value><value>186</value></point><point><value>136</value><value>191</value></point><point><value>149</value><value>189</value></point><point><value>149</value><value>196</value></point><point><value>180</value><value>179</value></point><point><value>207</value><value>185</value></point><point><value>198</value><value>212</value></point><point><value>202</value><value>212</value></point><point><value>213</value><value>189</value></point><point><value>242</value><value>188</value></point><point><value>242</value><value>201</value></point><point><value>252</value><value>201</value></point><point><value>258</value><value>184</value></point><point><value>269</value><value>187</value></point><point><value>269</value><value>201</value></point><point><value>279</value><value>199</value></point><point><value>279</value><value>185</value></point><point><value>297</value><value>186</value></point><point><value>299</value><value>197</value></point><point><value>303</value><value>197</value></point><point><value>312</value><value>191</value></point></polygon></segment_polygons></object><object><name>trees</name><bndbox><xmin>400</xmin><ymin>159</ymin><xmax>421</xmax><ymax>183</ymax></bndbox><segment_polygons><polygon><point><value>408</value><value>183</value></point><point><value>405</value><value>176</value></point><point><value>400</value><value>175</value></point><point><value>400</value><value>159</value></point><point><value>420</value><value>159</value></point><point><value>421</value><value>167</value></point><point><value>418</value><value>174</value></point></polygon></segment_polygons></object><object><name>trees</name><bndbox><xmin>354</xmin><ymin>120</ymin><xmax>543</xmax><ymax>166</ymax></bndbox><segment_polygons><polygon><point><value>429</value><value>166</value></point><point><value>448</value><value>166</value></point><point><value>464</value><value>166</value></point><point><value>475</value><value>157</value></point><point><value>492</value><value>159</value></point><point><value>499</value><value>156</value></point><point><value>500</value><value>146</value></point><point><value>504</value><value>142</value></point><point><value>516</value><value>144</value></point><point><value>522</value><value>144</value></point><point><value>530</value><value>138</value></point><point><value>535</value><value>135</value></point><point><value>543</value><value>127</value></point><point><value>537</value><value>127</value></point><point><value>530</value><value>120</value></point><point><value>524</value><value>132</value></point><point><value>516</value><value>126</value></point><point><value>506</value><value>130</value></point><point><value>493</value><value>129</value></point><point><value>488</value><value>128</value></point><point><value>471</value><value>121</value></point><point><value>454</value><value>129</value></point><point><value>445</value><value>124</value></point><point><value>429</value><value>124</value></point><point><value>425</value><value>122</value></point><point><value>403</value><value>122</value></point><point><value>398</value><value>129</value></point><point><value>387</value><value>136</value></point><point><value>363</value><value>141</value></point><point><value>354</value><value>146</value></point><point><value>365</value><value>156</value></point><point><value>376</value><value>156</value></point><point><value>392</value><value>156</value></point><point><value>416</value><value>153</value></point><point><value>421</value><value>153</value></point><point><value>436</value><value>152</value></point><point><value>442</value><value>152</value></point></polygon></segment_polygons></object><object><name>trees</name><bndbox><xmin>1</xmin><ymin>92</ymin><xmax>396</xmax><ymax>155</ymax></bndbox><segment_polygons><polygon><point><value>355</value><value>139</value></point><point><value>370</value><value>139</value></point><point><value>388</value><value>133</value></point><point><value>396</value><value>117</value></point><point><value>345</value><value>119</value></point><point><value>328</value><value>126</value></point><point><value>310</value><value>122</value></point><point><value>309</value><value>122</value></point><point><value>297</value><value>112</value></point><point><value>274</value><value>113</value></point><point><value>235</value><value>99</value></point><point><value>189</value><value>100</value></point><point><value>145</value><value>99</value></point><point><value>116</value><value>103</value></point><point><value>81</value><value>93</value></point><point><value>48</value><value>94</value></point><point><value>12</value><value>92</value></point><point><value>1</value><value>94</value></point><point><value>7</value><value>148</value></point><point><value>15</value><value>148</value></point><point><value>25</value><value>152</value></point><point><value>35</value><value>155</value></point><point><value>64</value><value>153</value></point><point><value>84</value><value>152</value></point><point><value>107</value><value>148</value></point><point><value>120</value><value>148</value></point><point><value>136</value><value>148</value></point><point><value>140</value><value>137</value></point><point><value>159</value><value>137</value></point><point><value>178</value><value>133</value></point><point><value>192</value><value>129</value></point><point><value>210</value><value>127</value></point><point><value>225</value><value>131</value></point><point><value>242</value><value>127</value></point><point><value>256</value><value>129</value></point><point><value>264</value><value>129</value></point><point><value>279</value><value>131</value></point><point><value>283</value><value>133</value></point><point><value>288</value><value>133</value></point><point><value>293</value><value>137</value></point><point><value>309</value><value>141</value></point><point><value>324</value><value>141</value></point></polygon></segment_polygons></object><object><name>trees</name><bndbox><xmin>94</xmin><ymin>434</ymin><xmax>151</xmax><ymax>467</ymax></bndbox><segment_polygons><polygon><point><value>94</value><value>461</value></point><point><value>110</value><value>434</value></point><point><value>126</value><value>436</value></point><point><value>134</value><value>445</value></point><point><value>151</value><value>456</value></point><point><value>149</value><value>466</value></point><point><value>134</value><value>467</value></point><point><value>114</value><value>464</value></point></polygon></segment_polygons></object><object><name>trees</name><bndbox><xmin>115</xmin><ymin>394</ymin><xmax>166</xmax><ymax>438</ymax></bndbox><segment_polygons><polygon><point><value>115</value><value>428</value></point><point><value>130</value><value>418</value></point><point><value>135</value><value>408</value></point><point><value>138</value><value>394</value></point><point><value>153</value><value>394</value></point><point><value>166</value><value>408</value></point><point><value>166</value><value>417</value></point><point><value>147</value><value>417</value></point><point><value>147</value><value>424</value></point><point><value>151</value><value>429</value></point><point><value>145</value><value>438</value></point></polygon></segment_polygons></object><object><name>trees</name><bndbox><xmin>225</xmin><ymin>363</ymin><xmax>248</xmax><ymax>384</ymax></bndbox><segment_polygons><polygon><point><value>225</value><value>382</value></point><point><value>227</value><value>363</value></point><point><value>243</value><value>365</value></point><point><value>248</value><value>375</value></point><point><value>246</value><value>382</value></point><point><value>239</value><value>384</value></point></polygon></segment_polygons></object><object><name>trees</name><bndbox><xmin>276</xmin><ymin>344</ymin><xmax>297</xmax><ymax>359</ymax></bndbox><segment_polygons><polygon><point><value>281</value><value>359</value></point><point><value>276</value><value>346</value></point><point><value>287</value><value>344</value></point><point><value>297</value><value>355</value></point></polygon></segment_polygons></object><object><name>trees</name><bndbox><xmin>289</xmin><ymin>329</ymin><xmax>322</xmax><ymax>353</ymax></bndbox><segment_polygons><polygon><point><value>303</value><value>352</value></point><point><value>289</value><value>336</value></point><point><value>300</value><value>329</value></point><point><value>322</value><value>329</value></point><point><value>322</value><value>332</value></point><point><value>313</value><value>344</value></point><point><value>313</value><value>353</value></point></polygon></segment_polygons></object><object><name>trees</name><bndbox><xmin>628</xmin><ymin>126</ymin><xmax>685</xmax><ymax>142</ymax></bndbox><segment_polygons><polygon><point><value>628</value><value>140</value></point><point><value>644</value><value>126</value></point><point><value>651</value><value>133</value></point><point><value>668</value><value>130</value></point><point><value>679</value><value>134</value></point><point><value>685</value><value>142</value></point><point><value>682</value><value>142</value></point><point><value>663</value><value>142</value></point><point><value>653</value><value>142</value></point></polygon></segment_polygons></object><object><name>trees</name><bndbox><xmin>708</xmin><ymin>137</ymin><xmax>739</xmax><ymax>152</ymax></bndbox><segment_polygons><polygon><point><value>708</value><value>149</value></point><point><value>722</value><value>149</value></point><point><value>733</value><value>152</value></point><point><value>739</value><value>144</value></point><point><value>739</value><value>137</value></point><point><value>726</value><value>137</value></point><point><value>716</value><value>141</value></point><point><value>708</value><value>141</value></point></polygon></segment_polygons></object><object><name>trees</name><bndbox><xmin>343</xmin><ymin>284</ymin><xmax>427</xmax><ymax>324</ymax></bndbox><segment_polygons><polygon><point><value>343</value><value>324</value></point><point><value>351</value><value>308</value></point><point><value>372</value><value>305</value></point><point><value>376</value><value>305</value></point><point><value>402</value><value>295</value></point><point><value>411</value><value>284</value></point><point><value>427</value><value>286</value></point><point><value>425</value><value>291</value></point><point><value>413</value><value>294</value></point><point><value>404</value><value>302</value></point><point><value>365</value><value>315</value></point></polygon></segment_polygons></object><object><name>trees</name><bndbox><xmin>388</xmin><ymin>259</ymin><xmax>446</xmax><ymax>292</ymax></bndbox><segment_polygons><polygon><point><value>413</value><value>285</value></point><point><value>433</value><value>272</value></point><point><value>446</value><value>266</value></point><point><value>436</value><value>259</value></point><point><value>421</value><value>263</value></point><point><value>407</value><value>259</value></point><point><value>401</value><value>262</value></point><point><value>389</value><value>273</value></point><point><value>388</value><value>285</value></point><point><value>401</value><value>292</value></point></polygon></segment_polygons></object><object><name>trees</name><bndbox><xmin>239</xmin><ymin>204</ymin><xmax>266</xmax><ymax>228</ymax></bndbox><segment_polygons><polygon><point><value>266</value><value>228</value></point><point><value>257</value><value>205</value></point><point><value>241</value><value>204</value></point><point><value>239</value><value>211</value></point><point><value>240</value><value>226</value></point><point><value>244</value><value>228</value></point></polygon></segment_polygons></object><object><name>trees</name><bndbox><xmin>161</xmin><ymin>487</ymin><xmax>228</xmax><ymax>523</ymax></bndbox><segment_polygons><polygon><point><value>203</value><value>523</value></point><point><value>226</value><value>523</value></point><point><value>228</value><value>507</value></point><point><value>219</value><value>492</value></point><point><value>203</value><value>500</value></point><point><value>198</value><value>492</value></point><point><value>184</value><value>487</value></point><point><value>161</value><value>497</value></point><point><value>167</value><value>509</value></point><point><value>178</value><value>512</value></point></polygon></segment_polygons></object><object><name>trees</name><bndbox><xmin>820</xmin><ymin>221</ymin><xmax>888</xmax><ymax>354</ymax></bndbox><segment_polygons><polygon><point><value>837</value><value>354</value></point><point><value>868</value><value>346</value></point><point><value>888</value><value>322</value></point><point><value>883</value><value>304</value></point><point><value>875</value><value>292</value></point><point><value>859</value><value>291</value></point><point><value>844</value><value>298</value></point><point><value>838</value><value>314</value></point><point><value>832</value><value>321</value></point><point><value>834</value><value>343</value></point><point><value>820</value><value>282</value></point><point><value>824</value><value>260</value></point><point><value>820</value><value>240</value></point><point><value>828</value><value>223</value></point><point><value>859</value><value>221</value></point><point><value>867</value><value>227</value></point><point><value>877</value><value>245</value></point><point><value>874</value><value>261</value></point><point><value>839</value><value>264</value></point><point><value>836</value><value>305</value></point></polygon></segment_polygons></object><object><name>trees</name><bndbox><xmin>875</xmin><ymin>211</ymin><xmax>928</xmax><ymax>260</ymax></bndbox><segment_polygons><polygon><point><value>884</value><value>254</value></point><point><value>875</value><value>228</value></point><point><value>883</value><value>211</value></point><point><value>903</value><value>212</value></point><point><value>927</value><value>219</value></point><point><value>927</value><value>243</value></point><point><value>928</value><value>253</value></point><point><value>908</value><value>260</value></point></polygon></segment_polygons></object><object><name>trees</name><bndbox><xmin>952</xmin><ymin>251</ymin><xmax>997</xmax><ymax>301</ymax></bndbox><segment_polygons><polygon><point><value>952</value><value>290</value></point><point><value>967</value><value>266</value></point><point><value>983</value><value>251</value></point><point><value>995</value><value>251</value></point><point><value>997</value><value>295</value></point><point><value>995</value><value>301</value></point><point><value>976</value><value>301</value></point></polygon></segment_polygons></object><object><name>trees</name><bndbox><xmin>934</xmin><ymin>230</ymin><xmax>963</xmax><ymax>261</ymax></bndbox><segment_polygons><polygon><point><value>934</value><value>261</value></point><point><value>963</value><value>261</value></point><point><value>963</value><value>242</value></point><point><value>953</value><value>230</value></point><point><value>943</value><value>235</value></point></polygon></segment_polygons></object><object><name>trees</name><bndbox><xmin>936</xmin><ymin>201</ymin><xmax>989</xmax><ymax>240</ymax></bndbox><segment_polygons><polygon><point><value>948</value><value>223</value></point><point><value>936</value><value>207</value></point><point><value>948</value><value>207</value></point><point><value>949</value><value>201</value></point><point><value>965</value><value>202</value></point><point><value>982</value><value>201</value></point><point><value>989</value><value>206</value></point><point><value>988</value><value>227</value></point><point><value>984</value><value>235</value></point><point><value>975</value><value>240</value></point><point><value>967</value><value>240</value></point></polygon></segment_polygons></object><object><name>trees</name><bndbox><xmin>804</xmin><ymin>134</ymin><xmax>847</xmax><ymax>177</ymax></bndbox><segment_polygons><polygon><point><value>804</value><value>167</value></point><point><value>814</value><value>151</value></point><point><value>832</value><value>149</value></point><point><value>831</value><value>134</value></point><point><value>847</value><value>138</value></point><point><value>847</value><value>160</value></point><point><value>842</value><value>177</value></point></polygon></segment_polygons></object><object><name>trees</name><bndbox><xmin>859</xmin><ymin>148</ymin><xmax>890</xmax><ymax>174</ymax></bndbox><segment_polygons><polygon><point><value>859</value><value>171</value></point><point><value>859</value><value>161</value></point><point><value>869</value><value>148</value></point><point><value>883</value><value>154</value></point><point><value>890</value><value>157</value></point><point><value>890</value><value>164</value></point><point><value>890</value><value>166</value></point><point><value>887</value><value>174</value></point></polygon></segment_polygons></object><object><name>trees</name><bndbox><xmin>890</xmin><ymin>149</ymin><xmax>972</xmax><ymax>187</ymax></bndbox><segment_polygons><polygon><point><value>890</value><value>173</value></point><point><value>893</value><value>161</value></point><point><value>908</value><value>149</value></point><point><value>918</value><value>151</value></point><point><value>921</value><value>153</value></point><point><value>928</value><value>153</value></point><point><value>942</value><value>150</value></point><point><value>967</value><value>150</value></point><point><value>967</value><value>155</value></point><point><value>967</value><value>160</value></point><point><value>972</value><value>166</value></point><point><value>970</value><value>171</value></point><point><value>963</value><value>171</value></point><point><value>953</value><value>174</value></point><point><value>953</value><value>177</value></point><point><value>952</value><value>186</value></point><point><value>922</value><value>187</value></point><point><value>905</value><value>186</value></point></polygon></segment_polygons></object><object><name>building</name><bndbox><xmin>754</xmin><ymin>313</ymin><xmax>787</xmax><ymax>343</ymax></bndbox><segment_polygons><polygon><point><value>771</value><value>343</value></point><point><value>787</value><value>315</value></point><point><value>761</value><value>313</value></point><point><value>754</value><value>334</value></point></polygon></segment_polygons></object></annotation>