<annotation><size><width>2048</width><height>1534</height><depth>3</depth></size><object><name>building</name><bndbox><xmin>738</xmin><ymin>1105</ymin><xmax>956</xmax><ymax>1196</ymax></bndbox><segment_polygons><polygon><point><value>771</value><value>1196</value></point><point><value>956</value><value>1157</value></point><point><value>929</value><value>1105</value></point><point><value>738</value><value>1157</value></point></polygon></segment_polygons></object><object><name>building</name><bndbox><xmin>932</xmin><ymin>1061</ymin><xmax>1150</xmax><ymax>1198</ymax></bndbox><segment_polygons><polygon><point><value>972</value><value>1198</value></point><point><value>950</value><value>1152</value></point><point><value>932</value><value>1101</value></point><point><value>1096</value><value>1067</value></point><point><value>1134</value><value>1061</value></point><point><value>1150</value><value>1096</value></point><point><value>1107</value><value>1101</value></point><point><value>1132</value><value>1151</value></point><point><value>1067</value><value>1180</value></point></polygon></segment_polygons></object><object><name>building</name><bndbox><xmin>1091</xmin><ymin>925</ymin><xmax>1263</xmax><ymax>1042</ymax></bndbox><segment_polygons><polygon><point><value>1150</value><value>1042</value></point><point><value>1091</value><value>975</value></point><point><value>1099</value><value>957</value></point><point><value>1157</value><value>925</value></point><point><value>1200</value><value>940</value></point><point><value>1263</value><value>998</value></point><point><value>1263</value><value>1020</value></point></polygon></segment_polygons></object><object><name>building</name><bndbox><xmin>596</xmin><ymin>1004</ymin><xmax>723</xmax><ymax>1184</ymax></bndbox><segment_polygons><polygon><point><value>723</value><value>1130</value></point><point><value>699</value><value>1004</value></point><point><value>596</value><value>1019</value></point><point><value>605</value><value>1184</value></point><point><value>721</value><value>1146</value></point></polygon></segment_polygons></object><object><name>building</name><bndbox><xmin>706</xmin><ymin>966</ymin><xmax>826</xmax><ymax>1125</ymax></bndbox><segment_polygons><polygon><point><value>740</value><value>1125</value></point><point><value>706</value><value>986</value></point><point><value>747</value><value>966</value></point><point><value>791</value><value>974</value></point><point><value>826</value><value>1078</value></point><point><value>826</value><value>1111</value></point></polygon></segment_polygons></object><object><name>building</name><bndbox><xmin>806</xmin><ymin>943</ymin><xmax>1040</xmax><ymax>1111</ymax></bndbox><segment_polygons><polygon><point><value>843</value><value>1111</value></point><point><value>1040</value><value>1070</value></point><point><value>1040</value><value>1043</value></point><point><value>1025</value><value>1010</value></point><point><value>988</value><value>978</value></point><point><value>985</value><value>958</value></point><point><value>962</value><value>943</value></point><point><value>832</value><value>978</value></point><point><value>806</value><value>975</value></point><point><value>829</value><value>1028</value></point></polygon></segment_polygons></object><object><name>building</name><bndbox><xmin>856</xmin><ymin>895</ymin><xmax>1040</xmax><ymax>958</ymax></bndbox><segment_polygons><polygon><point><value>882</value><value>958</value></point><point><value>1040</value><value>934</value></point><point><value>1025</value><value>896</value></point><point><value>1013</value><value>895</value></point><point><value>856</value><value>921</value></point><point><value>861</value><value>925</value></point></polygon></segment_polygons></object><object><name>building</name><bndbox><xmin>705</xmin><ymin>910</ymin><xmax>876</xmax><ymax>975</ymax></bndbox><segment_polygons><polygon><point><value>876</value><value>958</value></point><point><value>712</value><value>975</value></point><point><value>711</value><value>946</value></point><point><value>705</value><value>931</value></point><point><value>846</value><value>910</value></point><point><value>864</value><value>924</value></point></polygon></segment_polygons></object><object><name>building</name><bndbox><xmin>1000</xmin><ymin>833</ymin><xmax>1075</xmax><ymax>892</ymax></bndbox><segment_polygons><polygon><point><value>1025</value><value>892</value></point><point><value>1000</value><value>869</value></point><point><value>1013</value><value>851</value></point><point><value>1028</value><value>851</value></point><point><value>1037</value><value>833</value></point><point><value>1075</value><value>858</value></point><point><value>1060</value><value>880</value></point><point><value>1060</value><value>887</value></point></polygon></segment_polygons></object><object><name>building</name><bndbox><xmin>1061</xmin><ymin>860</ymin><xmax>1113</xmax><ymax>913</ymax></bndbox><segment_polygons><polygon><point><value>1087</value><value>913</value></point><point><value>1061</value><value>883</value></point><point><value>1075</value><value>860</value></point><point><value>1108</value><value>887</value></point><point><value>1113</value><value>910</value></point></polygon></segment_polygons></object><object><name>trees</name><bndbox><xmin>1352</xmin><ymin>1252</ymin><xmax>1429</xmax><ymax>1351</ymax></bndbox><segment_polygons><polygon><point><value>1414</value><value>1322</value></point><point><value>1396</value><value>1266</value></point><point><value>1370</value><value>1252</value></point><point><value>1352</value><value>1281</value></point><point><value>1354</value><value>1299</value></point><point><value>1381</value><value>1342</value></point><point><value>1408</value><value>1351</value></point><point><value>1429</value><value>1332</value></point></polygon></segment_polygons></object><object><name>trees</name><bndbox><xmin>1304</xmin><ymin>1214</ymin><xmax>1337</xmax><ymax>1251</ymax></bndbox><segment_polygons><polygon><point><value>1337</value><value>1251</value></point><point><value>1323</value><value>1214</value></point><point><value>1304</value><value>1225</value></point><point><value>1305</value><value>1242</value></point><point><value>1316</value><value>1251</value></point></polygon></segment_polygons></object><object><name>trees</name><bndbox><xmin>1275</xmin><ymin>1148</ymin><xmax>1341</xmax><ymax>1229</ymax></bndbox><segment_polygons><polygon><point><value>1341</value><value>1205</value></point><point><value>1340</value><value>1170</value></point><point><value>1298</value><value>1148</value></point><point><value>1275</value><value>1160</value></point><point><value>1276</value><value>1205</value></point><point><value>1287</value><value>1229</value></point><point><value>1319</value><value>1208</value></point></polygon></segment_polygons></object><object><name>trees</name><bndbox><xmin>1208</xmin><ymin>1033</ymin><xmax>1369</xmax><ymax>1146</ymax></bndbox><segment_polygons><polygon><point><value>1287</value><value>1146</value></point><point><value>1346</value><value>1145</value></point><point><value>1369</value><value>1101</value></point><point><value>1358</value><value>1052</value></point><point><value>1305</value><value>1042</value></point><point><value>1272</value><value>1033</value></point><point><value>1231</value><value>1039</value></point><point><value>1208</value><value>1055</value></point><point><value>1214</value><value>1087</value></point><point><value>1254</value><value>1136</value></point></polygon></segment_polygons></object><object><name>trees</name><bndbox><xmin>1290</xmin><ymin>936</ymin><xmax>1420</xmax><ymax>1063</ymax></bndbox><segment_polygons><polygon><point><value>1395</value><value>1063</value></point><point><value>1411</value><value>1048</value></point><point><value>1411</value><value>1002</value></point><point><value>1414</value><value>977</value></point><point><value>1420</value><value>964</value></point><point><value>1417</value><value>936</value></point><point><value>1387</value><value>943</value></point><point><value>1376</value><value>949</value></point><point><value>1357</value><value>967</value></point><point><value>1337</value><value>986</value></point><point><value>1301</value><value>1004</value></point><point><value>1290</value><value>1025</value></point><point><value>1316</value><value>1042</value></point><point><value>1341</value><value>1042</value></point><point><value>1364</value><value>1057</value></point></polygon></segment_polygons></object><object><name>trees</name><bndbox><xmin>1247</xmin><ymin>943</ymin><xmax>1325</xmax><ymax>1002</ymax></bndbox><segment_polygons><polygon><point><value>1282</value><value>1002</value></point><point><value>1313</value><value>987</value></point><point><value>1325</value><value>974</value></point><point><value>1314</value><value>952</value></point><point><value>1287</value><value>943</value></point><point><value>1263</value><value>948</value></point><point><value>1254</value><value>963</value></point><point><value>1247</value><value>984</value></point></polygon></segment_polygons></object><object><name>trees</name><bndbox><xmin>1272</xmin><ymin>780</ymin><xmax>1505</xmax><ymax>934</ymax></bndbox><segment_polygons><polygon><point><value>1328</value><value>934</value></point><point><value>1408</value><value>931</value></point><point><value>1426</value><value>913</value></point><point><value>1466</value><value>893</value></point><point><value>1489</value><value>869</value></point><point><value>1505</value><value>861</value></point><point><value>1505</value><value>837</value></point><point><value>1505</value><value>810</value></point><point><value>1496</value><value>787</value></point><point><value>1463</value><value>780</value></point><point><value>1416</value><value>780</value></point><point><value>1399</value><value>802</value></point><point><value>1395</value><value>789</value></point><point><value>1373</value><value>787</value></point><point><value>1360</value><value>798</value></point><point><value>1352</value><value>816</value></point><point><value>1340</value><value>831</value></point><point><value>1308</value><value>824</value></point><point><value>1294</value><value>852</value></point><point><value>1284</value><value>855</value></point><point><value>1275</value><value>871</value></point><point><value>1272</value><value>902</value></point><point><value>1294</value><value>910</value></point><point><value>1294</value><value>930</value></point></polygon></segment_polygons></object><object><name>trees</name><bndbox><xmin>1220</xmin><ymin>884</ymin><xmax>1282</xmax><ymax>967</ymax></bndbox><segment_polygons><polygon><point><value>1282</value><value>934</value></point><point><value>1281</value><value>914</value></point><point><value>1254</value><value>884</value></point><point><value>1228</value><value>902</value></point><point><value>1225</value><value>927</value></point><point><value>1220</value><value>955</value></point><point><value>1243</value><value>967</value></point></polygon></segment_polygons></object><object><name>trees</name><bndbox><xmin>1149</xmin><ymin>808</ymin><xmax>1225</xmax><ymax>924</ymax></bndbox><segment_polygons><polygon><point><value>1214</value><value>924</value></point><point><value>1217</value><value>893</value></point><point><value>1225</value><value>878</value></point><point><value>1219</value><value>852</value></point><point><value>1207</value><value>825</value></point><point><value>1199</value><value>822</value></point><point><value>1197</value><value>808</value></point><point><value>1167</value><value>808</value></point><point><value>1158</value><value>810</value></point><point><value>1150</value><value>810</value></point><point><value>1149</value><value>825</value></point><point><value>1158</value><value>848</value></point><point><value>1166</value><value>849</value></point><point><value>1166</value><value>863</value></point><point><value>1175</value><value>868</value></point><point><value>1178</value><value>880</value></point><point><value>1178</value><value>887</value></point></polygon></segment_polygons></object><object><name>trees</name><bndbox><xmin>450</xmin><ymin>863</ymin><xmax>514</xmax><ymax>927</ymax></bndbox><segment_polygons><polygon><point><value>505</value><value>919</value></point><point><value>514</value><value>883</value></point><point><value>491</value><value>863</value></point><point><value>465</value><value>872</value></point><point><value>450</value><value>908</value></point><point><value>458</value><value>924</value></point><point><value>482</value><value>927</value></point></polygon></segment_polygons></object><object><name>trees</name><bndbox><xmin>588</xmin><ymin>834</ymin><xmax>603</xmax><ymax>868</ymax></bndbox><segment_polygons><polygon><point><value>596</value><value>868</value></point><point><value>588</value><value>845</value></point><point><value>599</value><value>834</value></point><point><value>603</value><value>845</value></point></polygon></segment_polygons></object><object><name>trees</name><bndbox><xmin>970</xmin><ymin>796</ymin><xmax>1043</xmax><ymax>854</ymax></bndbox><segment_polygons><polygon><point><value>999</value><value>854</value></point><point><value>975</value><value>854</value></point><point><value>970</value><value>842</value></point><point><value>988</value><value>839</value></point><point><value>988</value><value>818</value></point><point><value>997</value><value>808</value></point><point><value>1020</value><value>796</value></point><point><value>1034</value><value>796</value></point><point><value>1043</value><value>810</value></point><point><value>1043</value><value>818</value></point><point><value>1025</value><value>822</value></point><point><value>1025</value><value>836</value></point></polygon></segment_polygons></object><object><name>trees</name><bndbox><xmin>1358</xmin><ymin>668</ymin><xmax>1432</xmax><ymax>783</ymax></bndbox><segment_polygons><polygon><point><value>1379</value><value>783</value></point><point><value>1358</value><value>761</value></point><point><value>1369</value><value>755</value></point><point><value>1378</value><value>755</value></point><point><value>1390</value><value>730</value></point><point><value>1399</value><value>727</value></point><point><value>1399</value><value>686</value></point><point><value>1402</value><value>668</value></point><point><value>1420</value><value>668</value></point><point><value>1425</value><value>678</value></point><point><value>1432</value><value>699</value></point><point><value>1425</value><value>727</value></point><point><value>1417</value><value>731</value></point><point><value>1425</value><value>748</value></point><point><value>1425</value><value>766</value></point><point><value>1410</value><value>783</value></point></polygon></segment_polygons></object><object><name>trees</name><bndbox><xmin>1435</xmin><ymin>677</ymin><xmax>1487</xmax><ymax>719</ymax></bndbox><segment_polygons><polygon><point><value>1449</value><value>695</value></point><point><value>1464</value><value>678</value></point><point><value>1487</value><value>677</value></point><point><value>1487</value><value>692</value></point><point><value>1487</value><value>704</value></point><point><value>1486</value><value>705</value></point><point><value>1472</value><value>719</value></point><point><value>1435</value><value>718</value></point></polygon></segment_polygons></object><object><name>trees</name><bndbox><xmin>1775</xmin><ymin>618</ymin><xmax>1833</xmax><ymax>658</ymax></bndbox><segment_polygons><polygon><point><value>1808</value><value>658</value></point><point><value>1833</value><value>631</value></point><point><value>1808</value><value>618</value></point><point><value>1775</value><value>633</value></point><point><value>1781</value><value>646</value></point></polygon></segment_polygons></object><object><name>trees</name><bndbox><xmin>1493</xmin><ymin>666</ymin><xmax>1590</xmax><ymax>710</ymax></bndbox><segment_polygons><polygon><point><value>1504</value><value>710</value></point><point><value>1531</value><value>704</value></point><point><value>1563</value><value>704</value></point><point><value>1587</value><value>701</value></point><point><value>1590</value><value>689</value></point><point><value>1557</value><value>666</value></point><point><value>1519</value><value>666</value></point><point><value>1504</value><value>666</value></point><point><value>1493</value><value>668</value></point></polygon></segment_polygons></object><object><name>trees</name><bndbox><xmin>1367</xmin><ymin>604</ymin><xmax>1431</xmax><ymax>648</ymax></bndbox><segment_polygons><polygon><point><value>1416</value><value>648</value></point><point><value>1431</value><value>604</value></point><point><value>1398</value><value>610</value></point><point><value>1367</value><value>619</value></point><point><value>1372</value><value>631</value></point><point><value>1395</value><value>646</value></point></polygon></segment_polygons></object><object><name>trees</name><bndbox><xmin>91</xmin><ymin>681</ymin><xmax>133</xmax><ymax>716</ymax></bndbox><segment_polygons><polygon><point><value>97</value><value>716</value></point><point><value>133</value><value>701</value></point><point><value>100</value><value>681</value></point><point><value>91</value><value>689</value></point></polygon></segment_polygons></object></annotation>