<annotation><size><width>852</width><height>480</height><depth>3</depth></size><object><name>tanker</name><bndbox><xmin>429</xmin><ymin>125</ymin><xmax>562</xmax><ymax>362</ymax></bndbox><segment_polygons><polygon><point><value>556</value><value>341</value></point><point><value>562</value><value>213</value></point><point><value>525</value><value>192</value></point><point><value>538</value><value>188</value></point><point><value>535</value><value>182</value></point><point><value>509</value><value>167</value></point><point><value>515</value><value>161</value></point><point><value>508</value><value>151</value></point><point><value>494</value><value>145</value></point><point><value>497</value><value>132</value></point><point><value>467</value><value>125</value></point><point><value>452</value><value>129</value></point><point><value>435</value><value>141</value></point><point><value>430</value><value>162</value></point><point><value>430</value><value>209</value></point><point><value>429</value><value>231</value></point><point><value>431</value><value>240</value></point><point><value>436</value><value>240</value></point><point><value>436</value><value>247</value></point><point><value>439</value><value>257</value></point><point><value>444</value><value>266</value></point><point><value>458</value><value>270</value></point><point><value>452</value><value>284</value></point><point><value>454</value><value>296</value></point><point><value>457</value><value>309</value></point><point><value>464</value><value>309</value></point><point><value>464</value><value>330</value></point><point><value>470</value><value>346</value></point><point><value>488</value><value>358</value></point><point><value>521</value><value>362</value></point><point><value>546</value><value>358</value></point></polygon></segment_polygons></object><object><name>building</name><bndbox><xmin>514</xmin><ymin>159</ymin><xmax>592</xmax><ymax>272</ymax></bndbox><segment_polygons><polygon><point><value>592</value><value>254</value></point><point><value>589</value><value>204</value></point><point><value>547</value><value>162</value></point><point><value>514</value><value>159</value></point><point><value>545</value><value>208</value></point><point><value>563</value><value>211</value></point><point><value>566</value><value>234</value></point><point><value>563</value><value>272</value></point></polygon></segment_polygons></object><object><name>building</name><bndbox><xmin>355</xmin><ymin>53</ymin><xmax>390</xmax><ymax>77</ymax></bndbox><segment_polygons><polygon><point><value>390</value><value>77</value></point><point><value>388</value><value>59</value></point><point><value>364</value><value>53</value></point><point><value>355</value><value>68</value></point><point><value>361</value><value>70</value></point><point><value>366</value><value>64</value></point></polygon></segment_polygons></object><object><name>building</name><bndbox><xmin>248</xmin><ymin>93</ymin><xmax>302</xmax><ymax>125</ymax></bndbox><segment_polygons><polygon><point><value>296</value><value>118</value></point><point><value>302</value><value>102</value></point><point><value>284</value><value>93</value></point><point><value>257</value><value>105</value></point><point><value>248</value><value>119</value></point><point><value>249</value><value>125</value></point></polygon></segment_polygons></object><object><name>building</name><bndbox><xmin>39</xmin><ymin>105</ymin><xmax>143</xmax><ymax>149</ymax></bndbox><segment_polygons><polygon><point><value>41</value><value>139</value></point><point><value>39</value><value>127</value></point><point><value>56</value><value>111</value></point><point><value>64</value><value>105</value></point><point><value>83</value><value>117</value></point><point><value>92</value><value>123</value></point><point><value>139</value><value>123</value></point><point><value>143</value><value>131</value></point><point><value>134</value><value>147</value></point><point><value>84</value><value>149</value></point></polygon></segment_polygons></object><object><name>building</name><bndbox><xmin>133</xmin><ymin>132</ymin><xmax>266</xmax><ymax>149</ymax></bndbox><segment_polygons><polygon><point><value>144</value><value>134</value></point><point><value>266</value><value>132</value></point><point><value>260</value><value>149</value></point><point><value>133</value><value>149</value></point></polygon></segment_polygons></object><object><name>building</name><bndbox><xmin>280</xmin><ymin>59</ymin><xmax>300</xmax><ymax>73</ymax></bndbox><segment_polygons><polygon><point><value>280</value><value>73</value></point><point><value>292</value><value>59</value></point><point><value>300</value><value>63</value></point><point><value>300</value><value>70</value></point></polygon></segment_polygons></object></annotation>