<annotation><size><width>1280</width><height>742</height><depth>3</depth></size><object><name>building</name><bndbox><xmin>740</xmin><ymin>255</ymin><xmax>917</xmax><ymax>317</ymax></bndbox><segment_polygons><polygon><point><value>740</value><value>317</value></point><point><value>740</value><value>289</value></point><point><value>745</value><value>268</value></point><point><value>829</value><value>269</value></point><point><value>842</value><value>255</value></point><point><value>893</value><value>258</value></point><point><value>917</value><value>292</value></point><point><value>917</value><value>306</value></point><point><value>844</value><value>317</value></point></polygon></segment_polygons></object><object><name>building</name><bndbox><xmin>434</xmin><ymin>484</ymin><xmax>661</xmax><ymax>651</ymax></bndbox><segment_polygons><polygon><point><value>494</value><value>484</value></point><point><value>659</value><value>606</value></point><point><value>661</value><value>629</value></point><point><value>559</value><value>651</value></point><point><value>434</value><value>547</value></point><point><value>434</value><value>520</value></point></polygon></segment_polygons></object><object><name>building</name><bndbox><xmin>82</xmin><ymin>220</ymin><xmax>284</xmax><ymax>332</ymax></bndbox><segment_polygons><polygon><point><value>136</value><value>332</value></point><point><value>284</value><value>327</value></point><point><value>284</value><value>295</value></point><point><value>211</value><value>230</value></point><point><value>158</value><value>220</value></point><point><value>85</value><value>247</value></point><point><value>82</value><value>264</value></point></polygon></segment_polygons></object><object><name>building</name><bndbox><xmin>413</xmin><ymin>240</ymin><xmax>505</xmax><ymax>315</ymax></bndbox><segment_polygons><polygon><point><value>413</value><value>274</value></point><point><value>416</value><value>257</value></point><point><value>433</value><value>240</value></point><point><value>505</value><value>286</value></point><point><value>505</value><value>309</value></point><point><value>472</value><value>315</value></point></polygon></segment_polygons></object><object><name>building</name><bndbox><xmin>508</xmin><ymin>201</ymin><xmax>687</xmax><ymax>316</ymax></bndbox><segment_polygons><polygon><point><value>508</value><value>281</value></point><point><value>508</value><value>259</value></point><point><value>553</value><value>201</value></point><point><value>605</value><value>227</value></point><point><value>624</value><value>252</value></point><point><value>668</value><value>255</value></point><point><value>687</value><value>272</value></point><point><value>687</value><value>298</value></point><point><value>665</value><value>316</value></point><point><value>600</value><value>315</value></point><point><value>569</value><value>308</value></point></polygon></segment_polygons></object><object><name>trees</name><bndbox><xmin>7</xmin><ymin>2</ymin><xmax>1279</xmax><ymax>353</ymax></bndbox><segment_polygons><polygon><point><value>1279</value><value>343</value></point><point><value>1273</value><value>2</value></point><point><value>610</value><value>5</value></point><point><value>579</value><value>20</value></point><point><value>519</value><value>20</value></point><point><value>478</value><value>28</value></point><point><value>412</value><value>19</value></point><point><value>371</value><value>53</value></point><point><value>327</value><value>32</value></point><point><value>270</value><value>30</value></point><point><value>209</value><value>30</value></point><point><value>178</value><value>44</value></point><point><value>141</value><value>67</value></point><point><value>99</value><value>52</value></point><point><value>58</value><value>59</value></point><point><value>18</value><value>52</value></point><point><value>7</value><value>151</value></point><point><value>114</value><value>146</value></point><point><value>157</value><value>136</value></point><point><value>279</value><value>148</value></point><point><value>286</value><value>186</value></point><point><value>362</value><value>192</value></point><point><value>406</value><value>185</value></point><point><value>447</value><value>214</value></point><point><value>502</value><value>221</value></point><point><value>525</value><value>192</value></point><point><value>597</value><value>186</value></point><point><value>634</value><value>170</value></point><point><value>733</value><value>179</value></point><point><value>791</value><value>165</value></point><point><value>781</value><value>231</value></point><point><value>726</value><value>237</value></point><point><value>724</value><value>284</value></point><point><value>760</value><value>267</value></point><point><value>823</value><value>267</value></point><point><value>849</value><value>244</value></point><point><value>908</value><value>254</value></point><point><value>942</value><value>276</value></point><point><value>1014</value><value>285</value></point><point><value>1127</value><value>319</value></point><point><value>1195</value><value>353</value></point></polygon></segment_polygons></object><object><name>trees</name><bndbox><xmin>8</xmin><ymin>336</ymin><xmax>470</xmax><ymax>725</ymax></bndbox><segment_polygons><polygon><point><value>8</value><value>344</value></point><point><value>88</value><value>336</value></point><point><value>88</value><value>408</value></point><point><value>120</value><value>419</value></point><point><value>131</value><value>497</value></point><point><value>155</value><value>517</value></point><point><value>187</value><value>499</value></point><point><value>211</value><value>489</value></point><point><value>240</value><value>453</value></point><point><value>266</value><value>392</value></point><point><value>300</value><value>428</value></point><point><value>310</value><value>460</value></point><point><value>310</value><value>486</value></point><point><value>271</value><value>486</value></point><point><value>297</value><value>521</value></point><point><value>332</value><value>524</value></point><point><value>385</value><value>545</value></point><point><value>410</value><value>578</value></point><point><value>431</value><value>613</value></point><point><value>470</value><value>653</value></point><point><value>406</value><value>688</value></point><point><value>331</value><value>691</value></point><point><value>269</value><value>723</value></point><point><value>211</value><value>723</value></point><point><value>163</value><value>725</value></point><point><value>105</value><value>668</value></point><point><value>45</value><value>657</value></point><point><value>13</value><value>650</value></point></polygon></segment_polygons></object><object><name>trees</name><bndbox><xmin>941</xmin><ymin>462</ymin><xmax>1092</xmax><ymax>581</ymax></bndbox><segment_polygons><polygon><point><value>941</value><value>542</value></point><point><value>976</value><value>462</value></point><point><value>1019</value><value>466</value></point><point><value>1047</value><value>508</value></point><point><value>1072</value><value>534</value></point><point><value>1092</value><value>551</value></point><point><value>1077</value><value>575</value></point><point><value>1031</value><value>581</value></point></polygon></segment_polygons></object><object><name>trees</name><bndbox><xmin>894</xmin><ymin>303</ymin><xmax>989</xmax><ymax>377</ymax></bndbox><segment_polygons><polygon><point><value>918</value><value>377</value></point><point><value>894</value><value>361</value></point><point><value>894</value><value>327</value></point><point><value>919</value><value>303</value></point><point><value>955</value><value>329</value></point><point><value>986</value><value>346</value></point><point><value>989</value><value>366</value></point></polygon></segment_polygons></object></annotation>