<annotation><size><width>852</width><height>480</height><depth>3</depth></size><object><name>tanker</name><bndbox><xmin>177</xmin><ymin>74</ymin><xmax>490</xmax><ymax>282</ymax></bndbox><segment_polygons><polygon><point><value>211</value><value>281</value></point><point><value>177</value><value>197</value></point><point><value>181</value><value>119</value></point><point><value>214</value><value>78</value></point><point><value>267</value><value>74</value></point><point><value>311</value><value>100</value></point><point><value>334</value><value>97</value></point><point><value>344</value><value>104</value></point><point><value>368</value><value>96</value></point><point><value>386</value><value>104</value></point><point><value>416</value><value>95</value></point><point><value>434</value><value>112</value></point><point><value>461</value><value>129</value></point><point><value>490</value><value>129</value></point><point><value>490</value><value>214</value></point><point><value>446</value><value>226</value></point><point><value>440</value><value>245</value></point><point><value>419</value><value>258</value></point><point><value>339</value><value>266</value></point><point><value>272</value><value>282</value></point></polygon></segment_polygons></object><object><name>building</name><bndbox><xmin>304</xmin><ymin>243</ymin><xmax>572</xmax><ymax>359</ymax></bndbox><segment_polygons><polygon><point><value>330</value><value>359</value></point><point><value>568</value><value>314</value></point><point><value>572</value><value>270</value></point><point><value>542</value><value>243</value></point><point><value>436</value><value>252</value></point><point><value>308</value><value>269</value></point><point><value>304</value><value>319</value></point></polygon></segment_polygons></object><object><name>trees</name><bndbox><xmin>715</xmin><ymin>290</ymin><xmax>758</xmax><ymax>417</ymax></bndbox><segment_polygons><polygon><point><value>738</value><value>417</value></point><point><value>748</value><value>394</value></point><point><value>758</value><value>372</value></point><point><value>754</value><value>350</value></point><point><value>744</value><value>328</value></point><point><value>747</value><value>315</value></point><point><value>738</value><value>293</value></point><point><value>729</value><value>290</value></point><point><value>718</value><value>298</value></point><point><value>718</value><value>312</value></point><point><value>716</value><value>330</value></point><point><value>721</value><value>337</value></point><point><value>715</value><value>349</value></point><point><value>715</value><value>386</value></point><point><value>729</value><value>391</value></point></polygon></segment_polygons></object><object><name>trees</name><bndbox><xmin>627</xmin><ymin>352</ymin><xmax>663</xmax><ymax>434</ymax></bndbox><segment_polygons><polygon><point><value>642</value><value>434</value></point><point><value>647</value><value>401</value></point><point><value>663</value><value>380</value></point><point><value>661</value><value>356</value></point><point><value>648</value><value>352</value></point><point><value>633</value><value>360</value></point><point><value>627</value><value>370</value></point><point><value>637</value><value>389</value></point><point><value>634</value><value>404</value></point></polygon></segment_polygons></object><object><name>trees</name><bndbox><xmin>627</xmin><ymin>290</ymin><xmax>674</xmax><ymax>348</ymax></bndbox><segment_polygons><polygon><point><value>664</value><value>348</value></point><point><value>674</value><value>328</value></point><point><value>672</value><value>305</value></point><point><value>663</value><value>290</value></point><point><value>649</value><value>292</value></point><point><value>642</value><value>309</value></point><point><value>631</value><value>310</value></point><point><value>628</value><value>326</value></point><point><value>627</value><value>342</value></point><point><value>629</value><value>346</value></point><point><value>637</value><value>347</value></point><point><value>648</value><value>343</value></point></polygon></segment_polygons></object><object><name>trees</name><bndbox><xmin>545</xmin><ymin>283</ymin><xmax>606</xmax><ymax>389</ymax></bndbox><segment_polygons><polygon><point><value>580</value><value>389</value></point><point><value>577</value><value>359</value></point><point><value>592</value><value>364</value></point><point><value>606</value><value>326</value></point><point><value>600</value><value>310</value></point><point><value>572</value><value>287</value></point><point><value>566</value><value>283</value></point><point><value>553</value><value>310</value></point><point><value>546</value><value>331</value></point><point><value>545</value><value>348</value></point><point><value>572</value><value>350</value></point><point><value>569</value><value>364</value></point></polygon></segment_polygons></object><object><name>trees</name><bndbox><xmin>535</xmin><ymin>375</ymin><xmax>590</xmax><ymax>469</ymax></bndbox><segment_polygons><polygon><point><value>578</value><value>469</value></point><point><value>577</value><value>418</value></point><point><value>590</value><value>409</value></point><point><value>581</value><value>390</value></point><point><value>568</value><value>377</value></point><point><value>558</value><value>376</value></point><point><value>546</value><value>375</value></point><point><value>536</value><value>381</value></point><point><value>535</value><value>410</value></point><point><value>535</value><value>432</value></point><point><value>547</value><value>443</value></point><point><value>548</value><value>455</value></point></polygon></segment_polygons></object><object><name>trees</name><bndbox><xmin>460</xmin><ymin>311</ymin><xmax>513</xmax><ymax>398</ymax></bndbox><segment_polygons><polygon><point><value>498</value><value>398</value></point><point><value>498</value><value>373</value></point><point><value>504</value><value>359</value></point><point><value>513</value><value>343</value></point><point><value>504</value><value>333</value></point><point><value>504</value><value>313</value></point><point><value>478</value><value>311</value></point><point><value>460</value><value>332</value></point><point><value>460</value><value>352</value></point><point><value>461</value><value>371</value></point><point><value>471</value><value>371</value></point><point><value>471</value><value>382</value></point></polygon></segment_polygons></object><object><name>trees</name><bndbox><xmin>413</xmin><ymin>389</ymin><xmax>454</xmax><ymax>473</ymax></bndbox><segment_polygons><polygon><point><value>447</value><value>473</value></point><point><value>454</value><value>447</value></point><point><value>454</value><value>408</value></point><point><value>443</value><value>391</value></point><point><value>426</value><value>389</value></point><point><value>421</value><value>404</value></point><point><value>413</value><value>407</value></point><point><value>413</value><value>424</value></point><point><value>420</value><value>437</value></point><point><value>420</value><value>450</value></point><point><value>434</value><value>454</value></point></polygon></segment_polygons></object><object><name>trees</name><bndbox><xmin>361</xmin><ymin>313</ymin><xmax>416</xmax><ymax>409</ymax></bndbox><segment_polygons><polygon><point><value>403</value><value>409</value></point><point><value>403</value><value>395</value></point><point><value>408</value><value>381</value></point><point><value>416</value><value>372</value></point><point><value>416</value><value>352</value></point><point><value>411</value><value>338</value></point><point><value>403</value><value>327</value></point><point><value>390</value><value>313</value></point><point><value>374</value><value>319</value></point><point><value>364</value><value>344</value></point><point><value>361</value><value>371</value></point><point><value>363</value><value>380</value></point><point><value>373</value><value>391</value></point><point><value>374</value><value>404</value></point><point><value>390</value><value>403</value></point></polygon></segment_polygons></object><object><name>trees</name><bndbox><xmin>269</xmin><ymin>421</ymin><xmax>333</xmax><ymax>475</ymax></bndbox><segment_polygons><polygon><point><value>323</value><value>475</value></point><point><value>333</value><value>450</value></point><point><value>327</value><value>425</value></point><point><value>315</value><value>431</value></point><point><value>305</value><value>426</value></point><point><value>287</value><value>421</value></point><point><value>279</value><value>434</value></point><point><value>273</value><value>438</value></point><point><value>272</value><value>451</value></point><point><value>270</value><value>461</value></point><point><value>269</value><value>464</value></point><point><value>277</value><value>474</value></point><point><value>299</value><value>474</value></point></polygon></segment_polygons></object><object><name>trees</name><bndbox><xmin>231</xmin><ymin>354</ymin><xmax>297</xmax><ymax>435</ymax></bndbox><segment_polygons><polygon><point><value>271</value><value>435</value></point><point><value>286</value><value>415</value></point><point><value>297</value><value>396</value></point><point><value>296</value><value>378</value></point><point><value>289</value><value>384</value></point><point><value>289</value><value>373</value></point><point><value>285</value><value>357</value></point><point><value>275</value><value>354</value></point><point><value>265</value><value>363</value></point><point><value>256</value><value>359</value></point><point><value>239</value><value>362</value></point><point><value>235</value><value>372</value></point><point><value>231</value><value>382</value></point><point><value>234</value><value>394</value></point><point><value>239</value><value>399</value></point><point><value>239</value><value>406</value></point><point><value>253</value><value>410</value></point><point><value>253</value><value>425</value></point><point><value>261</value><value>430</value></point></polygon></segment_polygons></object><object><name>trees</name><bndbox><xmin>100</xmin><ymin>437</ymin><xmax>179</xmax><ymax>477</ymax></bndbox><segment_polygons><polygon><point><value>179</value><value>475</value></point><point><value>173</value><value>452</value></point><point><value>166</value><value>449</value></point><point><value>161</value><value>441</value></point><point><value>157</value><value>447</value></point><point><value>153</value><value>437</value></point><point><value>145</value><value>438</value></point><point><value>126</value><value>441</value></point><point><value>117</value><value>454</value></point><point><value>115</value><value>457</value></point><point><value>106</value><value>468</value></point><point><value>100</value><value>474</value></point><point><value>102</value><value>477</value></point><point><value>128</value><value>477</value></point></polygon></segment_polygons></object><object><name>trees</name><bndbox><xmin>96</xmin><ymin>362</ymin><xmax>172</xmax><ymax>446</ymax></bndbox><segment_polygons><polygon><point><value>167</value><value>432</value></point><point><value>172</value><value>412</value></point><point><value>165</value><value>401</value></point><point><value>165</value><value>391</value></point><point><value>156</value><value>382</value></point><point><value>152</value><value>377</value></point><point><value>147</value><value>365</value></point><point><value>135</value><value>365</value></point><point><value>128</value><value>362</value></point><point><value>117</value><value>369</value></point><point><value>111</value><value>367</value></point><point><value>109</value><value>382</value></point><point><value>96</value><value>385</value></point><point><value>96</value><value>395</value></point><point><value>97</value><value>421</value></point><point><value>97</value><value>434</value></point><point><value>100</value><value>438</value></point><point><value>113</value><value>445</value></point><point><value>113</value><value>446</value></point><point><value>134</value><value>428</value></point><point><value>154</value><value>428</value></point></polygon></segment_polygons></object><object><name>trees</name><bndbox><xmin>823</xmin><ymin>336</ymin><xmax>849</xmax><ymax>420</ymax></bndbox><segment_polygons><polygon><point><value>843</value><value>420</value></point><point><value>828</value><value>400</value></point><point><value>823</value><value>379</value></point><point><value>831</value><value>379</value></point><point><value>839</value><value>371</value></point><point><value>830</value><value>359</value></point><point><value>839</value><value>361</value></point><point><value>836</value><value>348</value></point><point><value>841</value><value>348</value></point><point><value>849</value><value>336</value></point></polygon></segment_polygons></object><object><name>trees</name><bndbox><xmin>732</xmin><ymin>256</ymin><xmax>752</xmax><ymax>289</ymax></bndbox><segment_polygons><polygon><point><value>752</value><value>289</value></point><point><value>750</value><value>272</value></point><point><value>739</value><value>256</value></point><point><value>735</value><value>275</value></point><point><value>732</value><value>287</value></point></polygon></segment_polygons></object><object><name>trees</name><bndbox><xmin>792</xmin><ymin>271</ymin><xmax>814</xmax><ymax>307</ymax></bndbox><segment_polygons><polygon><point><value>803</value><value>307</value></point><point><value>792</value><value>288</value></point><point><value>795</value><value>271</value></point><point><value>804</value><value>271</value></point><point><value>813</value><value>281</value></point><point><value>814</value><value>291</value></point></polygon></segment_polygons></object><object><name>trees</name><bndbox><xmin>663</xmin><ymin>261</ymin><xmax>681</xmax><ymax>277</ymax></bndbox><segment_polygons><polygon><point><value>669</value><value>277</value></point><point><value>681</value><value>264</value></point><point><value>673</value><value>261</value></point><point><value>663</value><value>264</value></point></polygon></segment_polygons></object><object><name>trees</name><bndbox><xmin>638</xmin><ymin>242</ymin><xmax>647</xmax><ymax>258</ymax></bndbox><segment_polygons><polygon><point><value>647</value><value>258</value></point><point><value>645</value><value>242</value></point><point><value>638</value><value>249</value></point></polygon></segment_polygons></object><object><name>trees</name><bndbox><xmin>602</xmin><ymin>220</ymin><xmax>614</xmax><ymax>260</ymax></bndbox><segment_polygons><polygon><point><value>613</value><value>260</value></point><point><value>613</value><value>244</value></point><point><value>614</value><value>228</value></point><point><value>609</value><value>220</value></point><point><value>602</value><value>235</value></point><point><value>603</value><value>246</value></point></polygon></segment_polygons></object><object><name>trees</name><bndbox><xmin>571</xmin><ymin>217</ymin><xmax>594</xmax><ymax>254</ymax></bndbox><segment_polygons><polygon><point><value>594</value><value>253</value></point><point><value>589</value><value>235</value></point><point><value>586</value><value>217</value></point><point><value>576</value><value>239</value></point><point><value>571</value><value>254</value></point></polygon></segment_polygons></object><object><name>trees</name><bndbox><xmin>554</xmin><ymin>201</ymin><xmax>574</xmax><ymax>242</ymax></bndbox><segment_polygons><polygon><point><value>554</value><value>242</value></point><point><value>566</value><value>240</value></point><point><value>574</value><value>231</value></point><point><value>574</value><value>210</value></point><point><value>572</value><value>201</value></point><point><value>564</value><value>219</value></point><point><value>559</value><value>203</value></point><point><value>556</value><value>229</value></point></polygon></segment_polygons></object><object><name>trees</name><bndbox><xmin>525</xmin><ymin>194</ymin><xmax>546</xmax><ymax>236</ymax></bndbox><segment_polygons><polygon><point><value>536</value><value>236</value></point><point><value>546</value><value>224</value></point><point><value>543</value><value>194</value></point><point><value>536</value><value>214</value></point><point><value>529</value><value>206</value></point><point><value>529</value><value>223</value></point><point><value>525</value><value>231</value></point></polygon></segment_polygons></object><object><name>trees</name><bndbox><xmin>512</xmin><ymin>192</ymin><xmax>525</xmax><ymax>222</ymax></bndbox><segment_polygons><polygon><point><value>523</value><value>222</value></point><point><value>525</value><value>205</value></point><point><value>518</value><value>192</value></point><point><value>514</value><value>205</value></point><point><value>512</value><value>213</value></point></polygon></segment_polygons></object><object><name>trees</name><bndbox><xmin>17</xmin><ymin>264</ymin><xmax>26</xmax><ymax>298</ymax></bndbox><segment_polygons><polygon><point><value>24</value><value>298</value></point><point><value>26</value><value>279</value></point><point><value>18</value><value>264</value></point><point><value>17</value><value>291</value></point></polygon></segment_polygons></object><object><name>trees</name><bndbox><xmin>16</xmin><ymin>231</ymin><xmax>34</xmax><ymax>267</ymax></bndbox><segment_polygons><polygon><point><value>16</value><value>259</value></point><point><value>16</value><value>231</value></point><point><value>34</value><value>266</value></point><point><value>26</value><value>267</value></point></polygon></segment_polygons></object><object><name>trees</name><bndbox><xmin>26</xmin><ymin>205</ymin><xmax>57</xmax><ymax>246</ymax></bndbox><segment_polygons><polygon><point><value>38</value><value>246</value></point><point><value>57</value><value>242</value></point><point><value>52</value><value>222</value></point><point><value>42</value><value>205</value></point><point><value>29</value><value>214</value></point><point><value>26</value><value>223</value></point></polygon></segment_polygons></object><object><name>trees</name><bndbox><xmin>32</xmin><ymin>303</ymin><xmax>75</xmax><ymax>341</ymax></bndbox><segment_polygons><polygon><point><value>37</value><value>339</value></point><point><value>32</value><value>319</value></point><point><value>53</value><value>303</value></point><point><value>75</value><value>305</value></point><point><value>72</value><value>319</value></point><point><value>72</value><value>324</value></point><point><value>72</value><value>333</value></point><point><value>51</value><value>341</value></point></polygon></segment_polygons></object><object><name>trees</name><bndbox><xmin>0</xmin><ymin>154</ymin><xmax>57</xmax><ymax>220</ymax></bndbox><segment_polygons><polygon><point><value>3</value><value>220</value></point><point><value>22</value><value>199</value></point><point><value>50</value><value>180</value></point><point><value>57</value><value>162</value></point><point><value>53</value><value>154</value></point><point><value>37</value><value>176</value></point><point><value>19</value><value>188</value></point><point><value>7</value><value>199</value></point><point><value>0</value><value>205</value></point></polygon></segment_polygons></object><object><name>trees</name><bndbox><xmin>51</xmin><ymin>158</ymin><xmax>83</xmax><ymax>203</ymax></bndbox><segment_polygons><polygon><point><value>51</value><value>203</value></point><point><value>52</value><value>188</value></point><point><value>52</value><value>177</value></point><point><value>60</value><value>165</value></point><point><value>65</value><value>165</value></point><point><value>75</value><value>163</value></point><point><value>83</value><value>158</value></point><point><value>83</value><value>163</value></point><point><value>82</value><value>171</value></point><point><value>70</value><value>183</value></point><point><value>65</value><value>177</value></point><point><value>58</value><value>188</value></point><point><value>61</value><value>197</value></point></polygon></segment_polygons></object><object><name>trees</name><bndbox><xmin>64</xmin><ymin>208</ymin><xmax>81</xmax><ymax>236</ymax></bndbox><segment_polygons><polygon><point><value>64</value><value>231</value></point><point><value>74</value><value>208</value></point><point><value>81</value><value>227</value></point><point><value>79</value><value>236</value></point></polygon></segment_polygons></object><object><name>trees</name><bndbox><xmin>74</xmin><ymin>180</ymin><xmax>98</xmax><ymax>210</ymax></bndbox><segment_polygons><polygon><point><value>74</value><value>199</value></point><point><value>80</value><value>180</value></point><point><value>87</value><value>184</value></point><point><value>98</value><value>191</value></point><point><value>98</value><value>205</value></point><point><value>92</value><value>210</value></point><point><value>87</value><value>210</value></point></polygon></segment_polygons></object></annotation>