<annotation><size><width>640</width><height>480</height><depth>3</depth></size><object><name>building</name><bndbox><xmin>133</xmin><ymin>348</ymin><xmax>202</xmax><ymax>382</ymax></bndbox><segment_polygons><polygon><point><value>161</value><value>382</value></point><point><value>202</value><value>370</value></point><point><value>198</value><value>356</value></point><point><value>187</value><value>348</value></point><point><value>150</value><value>359</value></point><point><value>134</value><value>370</value></point><point><value>133</value><value>378</value></point></polygon></segment_polygons></object><object><name>building</name><bndbox><xmin>81</xmin><ymin>320</ymin><xmax>200</xmax><ymax>360</ymax></bndbox><segment_polygons><polygon><point><value>141</value><value>360</value></point><point><value>81</value><value>348</value></point><point><value>87</value><value>330</value></point><point><value>105</value><value>323</value></point><point><value>118</value><value>320</value></point><point><value>183</value><value>331</value></point><point><value>195</value><value>342</value></point><point><value>200</value><value>358</value></point><point><value>188</value><value>347</value></point></polygon></segment_polygons></object><object><name>building</name><bndbox><xmin>25</xmin><ymin>329</ymin><xmax>52</xmax><ymax>347</ymax></bndbox><segment_polygons><polygon><point><value>52</value><value>347</value></point><point><value>52</value><value>336</value></point><point><value>46</value><value>329</value></point><point><value>34</value><value>331</value></point><point><value>25</value><value>337</value></point><point><value>25</value><value>344</value></point><point><value>35</value><value>347</value></point></polygon></segment_polygons></object><object><name>building</name><bndbox><xmin>356</xmin><ymin>262</ymin><xmax>450</xmax><ymax>292</ymax></bndbox><segment_polygons><polygon><point><value>438</value><value>292</value></point><point><value>449</value><value>287</value></point><point><value>450</value><value>274</value></point><point><value>442</value><value>263</value></point><point><value>356</value><value>262</value></point><point><value>356</value><value>274</value></point><point><value>356</value><value>281</value></point></polygon></segment_polygons></object><object><name>building</name><bndbox><xmin>545</xmin><ymin>287</ymin><xmax>572</xmax><ymax>305</ymax></bndbox><segment_polygons><polygon><point><value>546</value><value>305</value></point><point><value>566</value><value>304</value></point><point><value>572</value><value>301</value></point><point><value>571</value><value>295</value></point><point><value>562</value><value>287</value></point><point><value>556</value><value>288</value></point><point><value>545</value><value>295</value></point></polygon></segment_polygons></object><object><name>building</name><bndbox><xmin>184</xmin><ymin>260</ymin><xmax>264</xmax><ymax>281</ymax></bndbox><segment_polygons><polygon><point><value>254</value><value>281</value></point><point><value>263</value><value>274</value></point><point><value>264</value><value>267</value></point><point><value>260</value><value>261</value></point><point><value>188</value><value>260</value></point><point><value>184</value><value>268</value></point><point><value>184</value><value>274</value></point></polygon></segment_polygons></object><object><name>building</name><bndbox><xmin>173</xmin><ymin>302</ymin><xmax>190</xmax><ymax>319</ymax></bndbox><segment_polygons><polygon><point><value>186</value><value>319</value></point><point><value>190</value><value>306</value></point><point><value>177</value><value>302</value></point><point><value>173</value><value>309</value></point><point><value>173</value><value>317</value></point></polygon></segment_polygons></object><object><name>trees</name><bndbox><xmin>441</xmin><ymin>285</ymin><xmax>471</xmax><ymax>320</ymax></bndbox><segment_polygons><polygon><point><value>459</value><value>320</value></point><point><value>459</value><value>312</value></point><point><value>464</value><value>308</value></point><point><value>469</value><value>304</value></point><point><value>471</value><value>298</value></point><point><value>466</value><value>294</value></point><point><value>461</value><value>285</value></point><point><value>455</value><value>289</value></point><point><value>447</value><value>292</value></point><point><value>441</value><value>304</value></point><point><value>442</value><value>310</value></point><point><value>445</value><value>318</value></point></polygon></segment_polygons></object><object><name>trees</name><bndbox><xmin>464</xmin><ymin>279</ymin><xmax>498</xmax><ymax>297</ymax></bndbox><segment_polygons><polygon><point><value>472</value><value>297</value></point><point><value>498</value><value>297</value></point><point><value>486</value><value>289</value></point><point><value>473</value><value>279</value></point><point><value>469</value><value>285</value></point><point><value>464</value><value>287</value></point></polygon></segment_polygons></object><object><name>trees</name><bndbox><xmin>573</xmin><ymin>282</ymin><xmax>596</xmax><ymax>301</ymax></bndbox><segment_polygons><polygon><point><value>580</value><value>301</value></point><point><value>591</value><value>298</value></point><point><value>596</value><value>294</value></point><point><value>594</value><value>287</value></point><point><value>587</value><value>282</value></point><point><value>580</value><value>283</value></point><point><value>577</value><value>288</value></point><point><value>573</value><value>291</value></point></polygon></segment_polygons></object><object><name>trees</name><bndbox><xmin>350</xmin><ymin>298</ymin><xmax>368</xmax><ymax>314</ymax></bndbox><segment_polygons><polygon><point><value>362</value><value>314</value></point><point><value>364</value><value>307</value></point><point><value>368</value><value>303</value></point><point><value>361</value><value>299</value></point><point><value>354</value><value>298</value></point><point><value>353</value><value>302</value></point><point><value>350</value><value>308</value></point><point><value>354</value><value>311</value></point></polygon></segment_polygons></object><object><name>trees</name><bndbox><xmin>317</xmin><ymin>257</ymin><xmax>326</xmax><ymax>267</ymax></bndbox><segment_polygons><polygon><point><value>326</value><value>267</value></point><point><value>322</value><value>257</value></point><point><value>319</value><value>260</value></point><point><value>317</value><value>266</value></point></polygon></segment_polygons></object><object><name>trees</name><bndbox><xmin>310</xmin><ymin>258</ymin><xmax>315</xmax><ymax>267</ymax></bndbox><segment_polygons><polygon><point><value>314</value><value>267</value></point><point><value>315</value><value>258</value></point><point><value>310</value><value>262</value></point></polygon></segment_polygons></object><object><name>trees</name><bndbox><xmin>281</xmin><ymin>255</ymin><xmax>291</xmax><ymax>267</ymax></bndbox><segment_polygons><polygon><point><value>286</value><value>267</value></point><point><value>291</value><value>260</value></point><point><value>288</value><value>255</value></point><point><value>281</value><value>264</value></point></polygon></segment_polygons></object><object><name>trees</name><bndbox><xmin>262</xmin><ymin>243</ymin><xmax>278</xmax><ymax>264</ymax></bndbox><segment_polygons><polygon><point><value>267</value><value>264</value></point><point><value>276</value><value>262</value></point><point><value>278</value><value>258</value></point><point><value>272</value><value>254</value></point><point><value>270</value><value>250</value></point><point><value>265</value><value>243</value></point><point><value>262</value><value>247</value></point><point><value>262</value><value>252</value></point><point><value>262</value><value>258</value></point></polygon></segment_polygons></object><object><name>trees</name><bndbox><xmin>180</xmin><ymin>287</ymin><xmax>208</xmax><ymax>313</ymax></bndbox><segment_polygons><polygon><point><value>195</value><value>313</value></point><point><value>208</value><value>301</value></point><point><value>208</value><value>296</value></point><point><value>205</value><value>292</value></point><point><value>199</value><value>290</value></point><point><value>193</value><value>290</value></point><point><value>187</value><value>287</value></point><point><value>183</value><value>289</value></point><point><value>180</value><value>289</value></point><point><value>182</value><value>300</value></point><point><value>185</value><value>301</value></point><point><value>185</value><value>303</value></point><point><value>192</value><value>304</value></point></polygon></segment_polygons></object><object><name>trees</name><bndbox><xmin>121</xmin><ymin>258</ymin><xmax>175</xmax><ymax>282</ymax></bndbox><segment_polygons><polygon><point><value>162</value><value>280</value></point><point><value>175</value><value>274</value></point><point><value>175</value><value>269</value></point><point><value>171</value><value>260</value></point><point><value>161</value><value>260</value></point><point><value>155</value><value>258</value></point><point><value>149</value><value>259</value></point><point><value>138</value><value>267</value></point><point><value>122</value><value>271</value></point><point><value>121</value><value>271</value></point><point><value>121</value><value>276</value></point><point><value>126</value><value>280</value></point><point><value>132</value><value>282</value></point><point><value>138</value><value>279</value></point><point><value>144</value><value>275</value></point><point><value>152</value><value>272</value></point><point><value>155</value><value>272</value></point><point><value>150</value><value>277</value></point><point><value>150</value><value>277</value></point><point><value>152</value><value>281</value></point></polygon></segment_polygons></object><object><name>trees</name><bndbox><xmin>169</xmin><ymin>246</ymin><xmax>209</xmax><ymax>264</ymax></bndbox><segment_polygons><polygon><point><value>177</value><value>264</value></point><point><value>174</value><value>260</value></point><point><value>170</value><value>257</value></point><point><value>169</value><value>252</value></point><point><value>173</value><value>252</value></point><point><value>175</value><value>249</value></point><point><value>180</value><value>249</value></point><point><value>181</value><value>249</value></point><point><value>189</value><value>246</value></point><point><value>189</value><value>250</value></point><point><value>192</value><value>248</value></point><point><value>205</value><value>248</value></point><point><value>209</value><value>255</value></point><point><value>208</value><value>255</value></point><point><value>190</value><value>254</value></point><point><value>188</value><value>259</value></point><point><value>182</value><value>263</value></point></polygon></segment_polygons></object><object><name>trees</name><bndbox><xmin>148</xmin><ymin>229</ymin><xmax>178</xmax><ymax>244</ymax></bndbox><segment_polygons><polygon><point><value>176</value><value>241</value></point><point><value>178</value><value>234</value></point><point><value>168</value><value>230</value></point><point><value>163</value><value>229</value></point><point><value>155</value><value>231</value></point><point><value>152</value><value>229</value></point><point><value>148</value><value>237</value></point><point><value>157</value><value>240</value></point><point><value>162</value><value>244</value></point><point><value>168</value><value>244</value></point></polygon></segment_polygons></object><object><name>trees</name><bndbox><xmin>117</xmin><ymin>222</ymin><xmax>142</xmax><ymax>232</ymax></bndbox><segment_polygons><polygon><point><value>142</value><value>232</value></point><point><value>139</value><value>226</value></point><point><value>132</value><value>226</value></point><point><value>128</value><value>224</value></point><point><value>124</value><value>223</value></point><point><value>118</value><value>222</value></point><point><value>117</value><value>230</value></point><point><value>127</value><value>231</value></point><point><value>131</value><value>231</value></point></polygon></segment_polygons></object></annotation>