<annotation><size><width>275</width><height>183</height><depth>3</depth></size><object><name>building</name><bndbox><xmin>103</xmin><ymin>47</ymin><xmax>165</xmax><ymax>73</ymax></bndbox><segment_polygons><polygon><point><value>103</value><value>60</value></point><point><value>112</value><value>49</value></point><point><value>130</value><value>47</value></point><point><value>165</value><value>52</value></point><point><value>159</value><value>58</value></point><point><value>139</value><value>73</value></point><point><value>110</value><value>71</value></point><point><value>103</value><value>68</value></point></polygon></segment_polygons></object><object><name>building</name><bndbox><xmin>32</xmin><ymin>102</ymin><xmax>126</xmax><ymax>141</ymax></bndbox><segment_polygons><polygon><point><value>32</value><value>115</value></point><point><value>42</value><value>103</value></point><point><value>53</value><value>102</value></point><point><value>120</value><value>117</value></point><point><value>126</value><value>125</value></point><point><value>103</value><value>141</value></point><point><value>33</value><value>123</value></point></polygon></segment_polygons></object><object><name>building</name><bndbox><xmin>83</xmin><ymin>91</ymin><xmax>121</xmax><ymax>114</ymax></bndbox><segment_polygons><polygon><point><value>84</value><value>107</value></point><point><value>83</value><value>103</value></point><point><value>99</value><value>92</value></point><point><value>112</value><value>91</value></point><point><value>121</value><value>102</value></point><point><value>110</value><value>114</value></point></polygon></segment_polygons></object><object><name>building</name><bndbox><xmin>63</xmin><ymin>66</ymin><xmax>133</xmax><ymax>97</ymax></bndbox><segment_polygons><polygon><point><value>119</value><value>97</value></point><point><value>68</value><value>87</value></point><point><value>66</value><value>78</value></point><point><value>63</value><value>66</value></point><point><value>125</value><value>80</value></point><point><value>133</value><value>82</value></point><point><value>131</value><value>89</value></point></polygon></segment_polygons></object><object><name>building</name><bndbox><xmin>2</xmin><ymin>72</ymin><xmax>66</xmax><ymax>96</ymax></bndbox><segment_polygons><polygon><point><value>22</value><value>87</value></point><point><value>58</value><value>96</value></point><point><value>66</value><value>87</value></point><point><value>62</value><value>77</value></point><point><value>30</value><value>73</value></point><point><value>21</value><value>72</value></point><point><value>2</value><value>81</value></point></polygon></segment_polygons></object><object><name>building</name><bndbox><xmin>215</xmin><ymin>69</ymin><xmax>256</xmax><ymax>94</ymax></bndbox><segment_polygons><polygon><point><value>244</value><value>69</value></point><point><value>256</value><value>77</value></point><point><value>245</value><value>84</value></point><point><value>236</value><value>94</value></point><point><value>224</value><value>91</value></point><point><value>216</value><value>87</value></point><point><value>215</value><value>75</value></point><point><value>219</value><value>69</value></point><point><value>229</value><value>69</value></point></polygon></segment_polygons></object><object><name>building</name><bndbox><xmin>251</xmin><ymin>60</ymin><xmax>263</xmax><ymax>70</ymax></bndbox><segment_polygons><polygon><point><value>251</value><value>66</value></point><point><value>252</value><value>60</value></point><point><value>263</value><value>64</value></point><point><value>260</value><value>70</value></point></polygon></segment_polygons></object><object><name>tanker</name><bndbox><xmin>56</xmin><ymin>64</ymin><xmax>65</xmax><ymax>95</ymax></bndbox><segment_polygons><polygon><point><value>65</value><value>90</value></point><point><value>63</value><value>67</value></point><point><value>61</value><value>64</value></point><point><value>56</value><value>68</value></point><point><value>58</value><value>95</value></point></polygon></segment_polygons></object><object><name>tanker</name><bndbox><xmin>49</xmin><ymin>63</ymin><xmax>58</xmax><ymax>95</ymax></bndbox><segment_polygons><polygon><point><value>56</value><value>63</value></point><point><value>49</value><value>65</value></point><point><value>51</value><value>93</value></point><point><value>58</value><value>95</value></point></polygon></segment_polygons></object><object><name>tanker</name><bndbox><xmin>25</xmin><ymin>46</ymin><xmax>36</xmax><ymax>78</ymax></bndbox><segment_polygons><polygon><point><value>36</value><value>73</value></point><point><value>35</value><value>52</value></point><point><value>31</value><value>46</value></point><point><value>25</value><value>50</value></point><point><value>25</value><value>74</value></point><point><value>29</value><value>78</value></point></polygon></segment_polygons></object><object><name>trees</name><bndbox><xmin>166</xmin><ymin>70</ymin><xmax>215</xmax><ymax>108</ymax></bndbox><segment_polygons><polygon><point><value>215</value><value>103</value></point><point><value>211</value><value>94</value></point><point><value>213</value><value>80</value></point><point><value>205</value><value>77</value></point><point><value>204</value><value>70</value></point><point><value>201</value><value>76</value></point><point><value>195</value><value>76</value></point><point><value>183</value><value>82</value></point><point><value>173</value><value>81</value></point><point><value>166</value><value>95</value></point><point><value>175</value><value>103</value></point><point><value>196</value><value>104</value></point><point><value>199</value><value>108</value></point></polygon></segment_polygons></object><object><name>trees</name><bndbox><xmin>183</xmin><ymin>1</ymin><xmax>272</xmax><ymax>23</ymax></bndbox><segment_polygons><polygon><point><value>272</value><value>23</value></point><point><value>271</value><value>2</value></point><point><value>223</value><value>2</value></point><point><value>207</value><value>3</value></point><point><value>183</value><value>1</value></point><point><value>184</value><value>10</value></point><point><value>203</value><value>9</value></point><point><value>225</value><value>7</value></point><point><value>249</value><value>21</value></point></polygon></segment_polygons></object><object><name>trees</name><bndbox><xmin>122</xmin><ymin>0</ymin><xmax>168</xmax><ymax>13</ymax></bndbox><segment_polygons><polygon><point><value>166</value><value>9</value></point><point><value>168</value><value>0</value></point><point><value>157</value><value>0</value></point><point><value>146</value><value>8</value></point><point><value>122</value><value>8</value></point><point><value>123</value><value>13</value></point><point><value>143</value><value>12</value></point></polygon></segment_polygons></object><object><name>trees</name><bndbox><xmin>2</xmin><ymin>0</ymin><xmax>95</xmax><ymax>19</ymax></bndbox><segment_polygons><polygon><point><value>95</value><value>14</value></point><point><value>91</value><value>0</value></point><point><value>69</value><value>0</value></point><point><value>2</value><value>0</value></point><point><value>2</value><value>9</value></point><point><value>24</value><value>10</value></point><point><value>58</value><value>15</value></point><point><value>86</value><value>19</value></point></polygon></segment_polygons></object><object><name>trees</name><bndbox><xmin>1</xmin><ymin>117</ymin><xmax>55</xmax><ymax>165</ymax></bndbox><segment_polygons><polygon><point><value>2</value><value>165</value></point><point><value>33</value><value>142</value></point><point><value>55</value><value>133</value></point><point><value>27</value><value>122</value></point><point><value>7</value><value>117</value></point><point><value>1</value><value>117</value></point></polygon></segment_polygons></object></annotation>