<annotation><size><width>299</width><height>168</height><depth>3</depth></size><object><name>building</name><bndbox><xmin>200</xmin><ymin>107</ymin><xmax>271</xmax><ymax>147</ymax></bndbox><segment_polygons><polygon><point><value>200</value><value>136</value></point><point><value>200</value><value>128</value></point><point><value>243</value><value>107</value></point><point><value>256</value><value>108</value></point><point><value>269</value><value>120</value></point><point><value>271</value><value>124</value></point><point><value>228</value><value>147</value></point></polygon></segment_polygons></object><object><name>building</name><bndbox><xmin>63</xmin><ymin>141</ymin><xmax>127</xmax><ymax>167</ymax></bndbox><segment_polygons><polygon><point><value>63</value><value>162</value></point><point><value>96</value><value>149</value></point><point><value>101</value><value>143</value></point><point><value>107</value><value>141</value></point><point><value>127</value><value>155</value></point><point><value>126</value><value>157</value></point><point><value>119</value><value>164</value></point><point><value>112</value><value>160</value></point><point><value>101</value><value>166</value></point><point><value>64</value><value>167</value></point></polygon></segment_polygons></object><object><name>building</name><bndbox><xmin>66</xmin><ymin>138</ymin><xmax>80</xmax><ymax>149</ymax></bndbox><segment_polygons><polygon><point><value>72</value><value>149</value></point><point><value>80</value><value>145</value></point><point><value>79</value><value>139</value></point><point><value>76</value><value>138</value></point><point><value>66</value><value>144</value></point></polygon></segment_polygons></object><object><name>building</name><bndbox><xmin>38</xmin><ymin>109</ymin><xmax>77</xmax><ymax>131</ymax></bndbox><segment_polygons><polygon><point><value>43</value><value>131</value></point><point><value>38</value><value>127</value></point><point><value>39</value><value>122</value></point><point><value>57</value><value>116</value></point><point><value>60</value><value>113</value></point><point><value>66</value><value>113</value></point><point><value>74</value><value>109</value></point><point><value>77</value><value>116</value></point><point><value>71</value><value>122</value></point><point><value>66</value><value>121</value></point><point><value>48</value><value>126</value></point></polygon></segment_polygons></object><object><name>building</name><bndbox><xmin>167</xmin><ymin>35</ymin><xmax>230</xmax><ymax>59</ymax></bndbox><segment_polygons><polygon><point><value>185</value><value>59</value></point><point><value>230</value><value>46</value></point><point><value>219</value><value>35</value></point><point><value>209</value><value>36</value></point><point><value>168</value><value>50</value></point><point><value>167</value><value>54</value></point></polygon></segment_polygons></object><object><name>building</name><bndbox><xmin>111</xmin><ymin>30</ymin><xmax>191</xmax><ymax>56</ymax></bndbox><segment_polygons><polygon><point><value>118</value><value>56</value></point><point><value>191</value><value>36</value></point><point><value>185</value><value>30</value></point><point><value>122</value><value>43</value></point><point><value>124</value><value>47</value></point><point><value>111</value><value>49</value></point></polygon></segment_polygons></object><object><name>building</name><bndbox><xmin>99</xmin><ymin>82</ymin><xmax>117</xmax><ymax>95</ymax></bndbox><segment_polygons><polygon><point><value>112</value><value>95</value></point><point><value>99</value><value>88</value></point><point><value>104</value><value>82</value></point><point><value>108</value><value>82</value></point><point><value>117</value><value>87</value></point></polygon></segment_polygons></object><object><name>building</name><bndbox><xmin>74</xmin><ymin>65</ymin><xmax>100</xmax><ymax>83</ymax></bndbox><segment_polygons><polygon><point><value>90</value><value>83</value></point><point><value>74</value><value>79</value></point><point><value>74</value><value>74</value></point><point><value>77</value><value>65</value></point><point><value>96</value><value>72</value></point><point><value>100</value><value>75</value></point><point><value>100</value><value>81</value></point></polygon></segment_polygons></object><object><name>building</name><bndbox><xmin>39</xmin><ymin>60</ymin><xmax>63</xmax><ymax>73</ymax></bndbox><segment_polygons><polygon><point><value>62</value><value>71</value></point><point><value>63</value><value>67</value></point><point><value>57</value><value>64</value></point><point><value>41</value><value>60</value></point><point><value>39</value><value>68</value></point><point><value>52</value><value>73</value></point></polygon></segment_polygons></object><object><name>building</name><bndbox><xmin>141</xmin><ymin>71</ymin><xmax>170</xmax><ymax>89</ymax></bndbox><segment_polygons><polygon><point><value>153</value><value>89</value></point><point><value>168</value><value>82</value></point><point><value>170</value><value>79</value></point><point><value>158</value><value>71</value></point><point><value>154</value><value>71</value></point><point><value>141</value><value>76</value></point><point><value>147</value><value>82</value></point></polygon></segment_polygons></object><object><name>building</name><bndbox><xmin>170</xmin><ymin>66</ymin><xmax>183</xmax><ymax>78</ymax></bndbox><segment_polygons><polygon><point><value>170</value><value>71</value></point><point><value>181</value><value>78</value></point><point><value>183</value><value>71</value></point><point><value>171</value><value>66</value></point></polygon></segment_polygons></object><object><name>building</name><bndbox><xmin>203</xmin><ymin>77</ymin><xmax>208</xmax><ymax>86</ymax></bndbox><segment_polygons><polygon><point><value>203</value><value>86</value></point><point><value>207</value><value>85</value></point><point><value>208</value><value>77</value></point><point><value>203</value><value>81</value></point></polygon></segment_polygons></object><object><name>building</name><bndbox><xmin>95</xmin><ymin>59</ymin><xmax>134</xmax><ymax>77</ymax></bndbox><segment_polygons><polygon><point><value>104</value><value>77</value></point><point><value>122</value><value>71</value></point><point><value>134</value><value>66</value></point><point><value>129</value><value>59</value></point><point><value>113</value><value>62</value></point><point><value>112</value><value>65</value></point><point><value>95</value><value>71</value></point></polygon></segment_polygons></object><object><name>trees</name><bndbox><xmin>176</xmin><ymin>155</ymin><xmax>194</xmax><ymax>167</ymax></bndbox><segment_polygons><polygon><point><value>194</value><value>159</value></point><point><value>183</value><value>155</value></point><point><value>176</value><value>164</value></point><point><value>184</value><value>167</value></point><point><value>191</value><value>167</value></point></polygon></segment_polygons></object><object><name>trees</name><bndbox><xmin>168</xmin><ymin>148</ymin><xmax>180</xmax><ymax>158</ymax></bndbox><segment_polygons><polygon><point><value>180</value><value>156</value></point><point><value>179</value><value>148</value></point><point><value>173</value><value>148</value></point><point><value>170</value><value>153</value></point><point><value>168</value><value>157</value></point><point><value>174</value><value>158</value></point></polygon></segment_polygons></object><object><name>trees</name><bndbox><xmin>123</xmin><ymin>115</ymin><xmax>170</xmax><ymax>155</ymax></bndbox><segment_polygons><polygon><point><value>168</value><value>155</value></point><point><value>170</value><value>145</value></point><point><value>165</value><value>145</value></point><point><value>156</value><value>129</value></point><point><value>145</value><value>124</value></point><point><value>141</value><value>123</value></point><point><value>136</value><value>115</value></point><point><value>125</value><value>127</value></point><point><value>123</value><value>137</value></point><point><value>135</value><value>138</value></point><point><value>143</value><value>144</value></point></polygon></segment_polygons></object><object><name>trees</name><bndbox><xmin>86</xmin><ymin>114</ymin><xmax>122</xmax><ymax>140</ymax></bndbox><segment_polygons><polygon><point><value>122</value><value>135</value></point><point><value>119</value><value>118</value></point><point><value>112</value><value>117</value></point><point><value>104</value><value>120</value></point><point><value>98</value><value>114</value></point><point><value>86</value><value>127</value></point><point><value>93</value><value>134</value></point><point><value>100</value><value>132</value></point><point><value>112</value><value>140</value></point></polygon></segment_polygons></object><object><name>trees</name><bndbox><xmin>48</xmin><ymin>121</ymin><xmax>68</xmax><ymax>140</ymax></bndbox><segment_polygons><polygon><point><value>54</value><value>140</value></point><point><value>60</value><value>133</value></point><point><value>68</value><value>129</value></point><point><value>63</value><value>121</value></point><point><value>51</value><value>123</value></point><point><value>48</value><value>128</value></point><point><value>48</value><value>137</value></point></polygon></segment_polygons></object><object><name>trees</name><bndbox><xmin>12</xmin><ymin>122</ymin><xmax>25</xmax><ymax>135</ymax></bndbox><segment_polygons><polygon><point><value>25</value><value>131</value></point><point><value>17</value><value>122</value></point><point><value>13</value><value>125</value></point><point><value>12</value><value>134</value></point><point><value>18</value><value>135</value></point></polygon></segment_polygons></object><object><name>trees</name><bndbox><xmin>0</xmin><ymin>113</ymin><xmax>12</xmax><ymax>130</ymax></bndbox><segment_polygons><polygon><point><value>1</value><value>130</value></point><point><value>8</value><value>129</value></point><point><value>12</value><value>125</value></point><point><value>9</value><value>113</value></point><point><value>3</value><value>113</value></point><point><value>0</value><value>114</value></point></polygon></segment_polygons></object><object><name>trees</name><bndbox><xmin>22</xmin><ymin>95</ymin><xmax>51</xmax><ymax>121</ymax></bndbox><segment_polygons><polygon><point><value>28</value><value>121</value></point><point><value>38</value><value>117</value></point><point><value>51</value><value>114</value></point><point><value>49</value><value>99</value></point><point><value>42</value><value>95</value></point><point><value>41</value><value>102</value></point><point><value>36</value><value>100</value></point><point><value>32</value><value>104</value></point><point><value>25</value><value>104</value></point><point><value>22</value><value>110</value></point></polygon></segment_polygons></object><object><name>trees</name><bndbox><xmin>56</xmin><ymin>92</ymin><xmax>72</xmax><ymax>111</ymax></bndbox><segment_polygons><polygon><point><value>56</value><value>111</value></point><point><value>57</value><value>98</value></point><point><value>62</value><value>92</value></point><point><value>70</value><value>97</value></point><point><value>71</value><value>106</value></point><point><value>72</value><value>107</value></point><point><value>67</value><value>110</value></point></polygon></segment_polygons></object><object><name>trees</name><bndbox><xmin>95</xmin><ymin>95</ymin><xmax>148</xmax><ymax>119</ymax></bndbox><segment_polygons><polygon><point><value>98</value><value>117</value></point><point><value>95</value><value>103</value></point><point><value>107</value><value>99</value></point><point><value>117</value><value>95</value></point><point><value>122</value><value>100</value></point><point><value>131</value><value>101</value></point><point><value>146</value><value>101</value></point><point><value>148</value><value>109</value></point><point><value>147</value><value>113</value></point><point><value>135</value><value>119</value></point><point><value>125</value><value>117</value></point><point><value>111</value><value>112</value></point><point><value>103</value><value>118</value></point></polygon></segment_polygons></object><object><name>trees</name><bndbox><xmin>157</xmin><ymin>87</ymin><xmax>187</xmax><ymax>106</ymax></bndbox><segment_polygons><polygon><point><value>169</value><value>106</value></point><point><value>181</value><value>98</value></point><point><value>187</value><value>99</value></point><point><value>177</value><value>87</value></point><point><value>168</value><value>90</value></point><point><value>159</value><value>95</value></point><point><value>157</value><value>100</value></point></polygon></segment_polygons></object><object><name>trees</name><bndbox><xmin>18</xmin><ymin>61</ymin><xmax>31</xmax><ymax>72</ymax></bndbox><segment_polygons><polygon><point><value>19</value><value>68</value></point><point><value>18</value><value>61</value></point><point><value>24</value><value>61</value></point><point><value>31</value><value>64</value></point><point><value>31</value><value>68</value></point><point><value>31</value><value>72</value></point><point><value>29</value><value>72</value></point><point><value>27</value><value>69</value></point></polygon></segment_polygons></object><object><name>trees</name><bndbox><xmin>193</xmin><ymin>95</ymin><xmax>226</xmax><ymax>112</ymax></bndbox><segment_polygons><polygon><point><value>193</value><value>101</value></point><point><value>212</value><value>112</value></point><point><value>226</value><value>107</value></point><point><value>200</value><value>95</value></point></polygon></segment_polygons></object><object><name>trees</name><bndbox><xmin>117</xmin><ymin>76</ymin><xmax>148</xmax><ymax>96</ymax></bndbox><segment_polygons><polygon><point><value>125</value><value>96</value></point><point><value>131</value><value>92</value></point><point><value>135</value><value>93</value></point><point><value>140</value><value>93</value></point><point><value>146</value><value>93</value></point><point><value>148</value><value>87</value></point><point><value>136</value><value>78</value></point><point><value>123</value><value>76</value></point><point><value>119</value><value>81</value></point><point><value>117</value><value>91</value></point></polygon></segment_polygons></object><object><name>trees</name><bndbox><xmin>92</xmin><ymin>9</ymin><xmax>103</xmax><ymax>21</ymax></bndbox><segment_polygons><polygon><point><value>92</value><value>17</value></point><point><value>98</value><value>9</value></point><point><value>103</value><value>21</value></point></polygon></segment_polygons></object><object><name>trees</name><bndbox><xmin>104</xmin><ymin>6</ymin><xmax>167</xmax><ymax>28</ymax></bndbox><segment_polygons><polygon><point><value>104</value><value>24</value></point><point><value>107</value><value>15</value></point><point><value>111</value><value>17</value></point><point><value>111</value><value>12</value></point><point><value>117</value><value>7</value></point><point><value>129</value><value>11</value></point><point><value>136</value><value>6</value></point><point><value>145</value><value>9</value></point><point><value>148</value><value>12</value></point><point><value>157</value><value>13</value></point><point><value>167</value><value>12</value></point><point><value>167</value><value>19</value></point><point><value>162</value><value>21</value></point><point><value>152</value><value>18</value></point><point><value>143</value><value>16</value></point><point><value>143</value><value>21</value></point><point><value>139</value><value>27</value></point><point><value>133</value><value>27</value></point><point><value>125</value><value>24</value></point><point><value>117</value><value>28</value></point><point><value>114</value><value>22</value></point></polygon></segment_polygons></object><object><name>trees</name><bndbox><xmin>247</xmin><ymin>0</ymin><xmax>264</xmax><ymax>14</ymax></bndbox><segment_polygons><polygon><point><value>247</value><value>7</value></point><point><value>257</value><value>14</value></point><point><value>264</value><value>7</value></point><point><value>262</value><value>0</value></point><point><value>253</value><value>1</value></point><point><value>247</value><value>0</value></point></polygon></segment_polygons></object></annotation>