<annotation><size><width>2013</width><height>1147</height><depth>3</depth></size><object><name>building</name><bndbox><xmin>1650</xmin><ymin>337</ymin><xmax>1984</xmax><ymax>562</ymax></bndbox><segment_polygons><polygon><point><value>1650</value><value>413</value></point><point><value>1699</value><value>337</value></point><point><value>1926</value><value>387</value></point><point><value>1984</value><value>420</value></point><point><value>1972</value><value>521</value></point><point><value>1887</value><value>562</value></point><point><value>1680</value><value>502</value></point></polygon></segment_polygons></object><object><name>building</name><bndbox><xmin>593</xmin><ymin>675</ymin><xmax>1303</xmax><ymax>868</ymax></bndbox><segment_polygons><polygon><point><value>1303</value><value>801</value></point><point><value>1289</value><value>709</value></point><point><value>1186</value><value>709</value></point><point><value>1168</value><value>732</value></point><point><value>981</value><value>739</value></point><point><value>899</value><value>711</value></point><point><value>841</value><value>721</value></point><point><value>646</value><value>675</value></point><point><value>593</value><value>753</value></point><point><value>818</value><value>852</value></point><point><value>959</value><value>868</value></point><point><value>1096</value><value>858</value></point><point><value>1184</value><value>849</value></point></polygon></segment_polygons></object><object><name>building</name><bndbox><xmin>67</xmin><ymin>410</ymin><xmax>400</xmax><ymax>541</ymax></bndbox><segment_polygons><polygon><point><value>400</value><value>507</value></point><point><value>400</value><value>470</value></point><point><value>338</value><value>447</value></point><point><value>140</value><value>410</value></point><point><value>67</value><value>486</value></point><point><value>113</value><value>523</value></point><point><value>218</value><value>541</value></point><point><value>297</value><value>539</value></point></polygon></segment_polygons></object><object><name>trees</name><bndbox><xmin>1719</xmin><ymin>40</ymin><xmax>2007</xmax><ymax>328</ymax></bndbox><segment_polygons><polygon><point><value>2002</value><value>293</value></point><point><value>2007</value><value>220</value></point><point><value>1926</value><value>139</value></point><point><value>1896</value><value>50</value></point><point><value>1830</value><value>40</value></point><point><value>1788</value><value>98</value></point><point><value>1749</value><value>190</value></point><point><value>1719</value><value>284</value></point><point><value>1774</value><value>316</value></point><point><value>1905</value><value>328</value></point></polygon></segment_polygons></object><object><name>trees</name><bndbox><xmin>1574</xmin><ymin>153</ymin><xmax>1712</xmax><ymax>332</ymax></bndbox><segment_polygons><polygon><point><value>1689</value><value>268</value></point><point><value>1694</value><value>183</value></point><point><value>1653</value><value>153</value></point><point><value>1597</value><value>185</value></point><point><value>1574</value><value>261</value></point><point><value>1581</value><value>307</value></point><point><value>1625</value><value>332</value></point><point><value>1712</value><value>325</value></point></polygon></segment_polygons></object><object><name>trees</name><bndbox><xmin>1283</xmin><ymin>865</ymin><xmax>1519</xmax><ymax>1084</ymax></bndbox><segment_polygons><polygon><point><value>1485</value><value>1084</value></point><point><value>1519</value><value>992</value></point><point><value>1510</value><value>909</value></point><point><value>1420</value><value>865</value></point><point><value>1322</value><value>877</value></point><point><value>1301</value><value>934</value></point><point><value>1283</value><value>1047</value></point></polygon></segment_polygons></object><object><name>trees</name><bndbox><xmin>1094</xmin><ymin>861</ymin><xmax>1301</xmax><ymax>1058</ymax></bndbox><segment_polygons><polygon><point><value>1198</value><value>1058</value></point><point><value>1273</value><value>980</value></point><point><value>1301</value><value>902</value></point><point><value>1266</value><value>861</value></point><point><value>1158</value><value>877</value></point><point><value>1094</value><value>985</value></point><point><value>1106</value><value>1035</value></point></polygon></segment_polygons></object><object><name>trees</name><bndbox><xmin>977</xmin><ymin>964</ymin><xmax>1108</xmax><ymax>1070</ymax></bndbox><segment_polygons><polygon><point><value>1050</value><value>964</value></point><point><value>977</value><value>989</value></point><point><value>986</value><value>1035</value></point><point><value>1108</value><value>1070</value></point><point><value>1106</value><value>989</value></point></polygon></segment_polygons></object><object><name>trees</name><bndbox><xmin>547</xmin><ymin>716</ymin><xmax>708</xmax><ymax>909</ymax></bndbox><segment_polygons><polygon><point><value>639</value><value>907</value></point><point><value>708</value><value>833</value></point><point><value>676</value><value>716</value></point><point><value>568</value><value>716</value></point><point><value>547</value><value>817</value></point><point><value>600</value><value>909</value></point></polygon></segment_polygons></object><object><name>trees</name><bndbox><xmin>400</xmin><ymin>615</ymin><xmax>453</xmax><ymax>739</ymax></bndbox><segment_polygons><polygon><point><value>453</value><value>723</value></point><point><value>439</value><value>615</value></point><point><value>405</value><value>668</value></point><point><value>400</value><value>714</value></point><point><value>421</value><value>739</value></point></polygon></segment_polygons></object><object><name>trees</name><bndbox><xmin>915</xmin><ymin>583</ymin><xmax>981</xmax><ymax>688</ymax></bndbox><segment_polygons><polygon><point><value>938</value><value>688</value></point><point><value>915</value><value>633</value></point><point><value>933</value><value>583</value></point><point><value>981</value><value>642</value></point></polygon></segment_polygons></object><object><name>trees</name><bndbox><xmin>1057</xmin><ymin>562</ymin><xmax>1147</xmax><ymax>684</ymax></bndbox><segment_polygons><polygon><point><value>1099</value><value>684</value></point><point><value>1057</value><value>610</value></point><point><value>1087</value><value>562</value></point><point><value>1147</value><value>615</value></point></polygon></segment_polygons></object><object><name>trees</name><bndbox><xmin>1324</xmin><ymin>514</ymin><xmax>1370</xmax><ymax>661</ymax></bndbox><segment_polygons><polygon><point><value>1324</value><value>631</value></point><point><value>1354</value><value>514</value></point><point><value>1370</value><value>638</value></point><point><value>1349</value><value>661</value></point></polygon></segment_polygons></object><object><name>trees</name><bndbox><xmin>1338</xmin><ymin>592</ymin><xmax>1533</xmax><ymax>794</ymax></bndbox><segment_polygons><polygon><point><value>1338</value><value>753</value></point><point><value>1411</value><value>645</value></point><point><value>1460</value><value>645</value></point><point><value>1508</value><value>592</value></point><point><value>1533</value><value>640</value></point><point><value>1517</value><value>691</value></point><point><value>1437</value><value>794</value></point></polygon></segment_polygons></object><object><name>trees</name><bndbox><xmin>1655</xmin><ymin>599</ymin><xmax>1703</xmax><ymax>709</ymax></bndbox><segment_polygons><polygon><point><value>1664</value><value>704</value></point><point><value>1655</value><value>626</value></point><point><value>1673</value><value>599</value></point><point><value>1703</value><value>649</value></point><point><value>1696</value><value>709</value></point></polygon></segment_polygons></object><object><name>trees</name><bndbox><xmin>2</xmin><ymin>153</ymin><xmax>116</xmax><ymax>328</ymax></bndbox><segment_polygons><polygon><point><value>7</value><value>317</value></point><point><value>2</value><value>206</value></point><point><value>24</value><value>164</value></point><point><value>44</value><value>171</value></point><point><value>67</value><value>153</value></point><point><value>79</value><value>194</value></point><point><value>98</value><value>232</value></point><point><value>116</value><value>234</value></point><point><value>116</value><value>282</value></point><point><value>114</value><value>328</value></point></polygon></segment_polygons></object><object><name>trees</name><bndbox><xmin>43</xmin><ymin>44</ymin><xmax>396</xmax><ymax>342</ymax></bndbox><segment_polygons><polygon><point><value>127</value><value>319</value></point><point><value>123</value><value>224</value></point><point><value>96</value><value>155</value></point><point><value>69</value><value>124</value></point><point><value>44</value><value>122</value></point><point><value>43</value><value>79</value></point><point><value>92</value><value>63</value></point><point><value>128</value><value>58</value></point><point><value>156</value><value>55</value></point><point><value>181</value><value>74</value></point><point><value>192</value><value>78</value></point><point><value>236</value><value>57</value></point><point><value>272</value><value>67</value></point><point><value>272</value><value>67</value></point><point><value>299</value><value>63</value></point><point><value>337</value><value>44</value></point><point><value>368</value><value>94</value></point><point><value>390</value><value>148</value></point><point><value>396</value><value>185</value></point><point><value>364</value><value>251</value></point><point><value>347</value><value>298</value></point><point><value>349</value><value>338</value></point><point><value>272</value><value>330</value></point><point><value>210</value><value>336</value></point><point><value>194</value><value>317</value></point><point><value>141</value><value>342</value></point></polygon></segment_polygons></object><object><name>trees</name><bndbox><xmin>357</xmin><ymin>58</ymin><xmax>672</xmax><ymax>354</ymax></bndbox><segment_polygons><polygon><point><value>357</value><value>326</value></point><point><value>372</value><value>237</value></point><point><value>396</value><value>199</value></point><point><value>410</value><value>167</value></point><point><value>420</value><value>213</value></point><point><value>441</value><value>173</value></point><point><value>452</value><value>144</value></point><point><value>486</value><value>111</value></point><point><value>503</value><value>111</value></point><point><value>528</value><value>104</value></point><point><value>560</value><value>68</value></point><point><value>596</value><value>60</value></point><point><value>609</value><value>58</value></point><point><value>625</value><value>67</value></point><point><value>640</value><value>69</value></point><point><value>662</value><value>89</value></point><point><value>670</value><value>96</value></point><point><value>656</value><value>127</value></point><point><value>665</value><value>142</value></point><point><value>672</value><value>180</value></point><point><value>636</value><value>212</value></point><point><value>608</value><value>229</value></point><point><value>614</value><value>269</value></point><point><value>606</value><value>314</value></point><point><value>611</value><value>334</value></point><point><value>582</value><value>349</value></point><point><value>532</value><value>344</value></point><point><value>466</value><value>354</value></point><point><value>414</value><value>344</value></point></polygon></segment_polygons></object><object><name>trees</name><bndbox><xmin>619</xmin><ymin>84</ymin><xmax>888</xmax><ymax>355</ymax></bndbox><segment_polygons><polygon><point><value>619</value><value>331</value></point><point><value>636</value><value>290</value></point><point><value>628</value><value>228</value></point><point><value>676</value><value>167</value></point><point><value>660</value><value>135</value></point><point><value>679</value><value>109</value></point><point><value>706</value><value>92</value></point><point><value>753</value><value>84</value></point><point><value>776</value><value>99</value></point><point><value>817</value><value>111</value></point><point><value>827</value><value>139</value></point><point><value>863</value><value>136</value></point><point><value>888</value><value>142</value></point><point><value>887</value><value>202</value></point><point><value>827</value><value>231</value></point><point><value>822</value><value>283</value></point><point><value>821</value><value>343</value></point><point><value>755</value><value>355</value></point></polygon></segment_polygons></object><object><name>trees</name><bndbox><xmin>794</xmin><ymin>56</ymin><xmax>1069</xmax><ymax>384</ymax></bndbox><segment_polygons><polygon><point><value>837</value><value>342</value></point><point><value>826</value><value>277</value></point><point><value>829</value><value>230</value></point><point><value>892</value><value>202</value></point><point><value>888</value><value>147</value></point><point><value>871</value><value>126</value></point><point><value>833</value><value>130</value></point><point><value>815</value><value>98</value></point><point><value>794</value><value>93</value></point><point><value>847</value><value>59</value></point><point><value>862</value><value>72</value></point><point><value>866</value><value>66</value></point><point><value>891</value><value>56</value></point><point><value>913</value><value>61</value></point><point><value>936</value><value>64</value></point><point><value>957</value><value>94</value></point><point><value>933</value><value>121</value></point><point><value>954</value><value>121</value></point><point><value>988</value><value>113</value></point><point><value>1008</value><value>119</value></point><point><value>1013</value><value>153</value></point><point><value>1019</value><value>175</value></point><point><value>999</value><value>189</value></point><point><value>1029</value><value>222</value></point><point><value>1045</value><value>235</value></point><point><value>1066</value><value>309</value></point><point><value>1044</value><value>301</value></point><point><value>1054</value><value>324</value></point><point><value>1069</value><value>333</value></point><point><value>1044</value><value>343</value></point><point><value>1060</value><value>363</value></point><point><value>1033</value><value>366</value></point><point><value>1019</value><value>339</value></point><point><value>1007</value><value>358</value></point><point><value>1001</value><value>371</value></point><point><value>992</value><value>384</value></point><point><value>951</value><value>383</value></point><point><value>941</value><value>372</value></point><point><value>910</value><value>383</value></point><point><value>883</value><value>375</value></point><point><value>851</value><value>364</value></point></polygon></segment_polygons></object><object><name>trees</name><bndbox><xmin>1004</xmin><ymin>43</ymin><xmax>1275</xmax><ymax>375</ymax></bndbox><segment_polygons><polygon><point><value>1069</value><value>355</value></point><point><value>1073</value><value>321</value></point><point><value>1070</value><value>292</value></point><point><value>1058</value><value>252</value></point><point><value>1032</value><value>206</value></point><point><value>1004</value><value>185</value></point><point><value>1036</value><value>161</value></point><point><value>1013</value><value>122</value></point><point><value>1017</value><value>92</value></point><point><value>1040</value><value>84</value></point><point><value>1066</value><value>84</value></point><point><value>1075</value><value>68</value></point><point><value>1083</value><value>43</value></point><point><value>1099</value><value>57</value></point><point><value>1098</value><value>84</value></point><point><value>1132</value><value>73</value></point><point><value>1143</value><value>94</value></point><point><value>1145</value><value>109</value></point><point><value>1174</value><value>144</value></point><point><value>1166</value><value>118</value></point><point><value>1157</value><value>95</value></point><point><value>1161</value><value>57</value></point><point><value>1181</value><value>60</value></point><point><value>1196</value><value>81</value></point><point><value>1199</value><value>101</value></point><point><value>1222</value><value>57</value></point><point><value>1243</value><value>53</value></point><point><value>1271</value><value>68</value></point><point><value>1265</value><value>119</value></point><point><value>1258</value><value>175</value></point><point><value>1275</value><value>222</value></point><point><value>1275</value><value>268</value></point><point><value>1255</value><value>310</value></point><point><value>1258</value><value>335</value></point><point><value>1268</value><value>347</value></point><point><value>1255</value><value>362</value></point><point><value>1189</value><value>375</value></point><point><value>1156</value><value>355</value></point></polygon></segment_polygons></object><object><name>trees</name><bndbox><xmin>1283</xmin><ymin>16</ymin><xmax>1587</xmax><ymax>339</ymax></bndbox><segment_polygons><polygon><point><value>1327</value><value>266</value></point><point><value>1308</value><value>210</value></point><point><value>1283</value><value>194</value></point><point><value>1284</value><value>140</value></point><point><value>1296</value><value>88</value></point><point><value>1302</value><value>55</value></point><point><value>1341</value><value>16</value></point><point><value>1353</value><value>51</value></point><point><value>1382</value><value>40</value></point><point><value>1399</value><value>40</value></point><point><value>1405</value><value>60</value></point><point><value>1432</value><value>60</value></point><point><value>1458</value><value>60</value></point><point><value>1462</value><value>72</value></point><point><value>1498</value><value>66</value></point><point><value>1527</value><value>64</value></point><point><value>1535</value><value>93</value></point><point><value>1560</value><value>128</value></point><point><value>1554</value><value>167</value></point><point><value>1587</value><value>196</value></point><point><value>1577</value><value>237</value></point><point><value>1566</value><value>280</value></point><point><value>1568</value><value>299</value></point><point><value>1471</value><value>301</value></point><point><value>1403</value><value>318</value></point><point><value>1342</value><value>333</value></point><point><value>1291</value><value>339</value></point></polygon></segment_polygons></object><object><name>trees</name><bndbox><xmin>1594</xmin><ymin>871</ymin><xmax>1680</xmax><ymax>1066</ymax></bndbox><segment_polygons><polygon><point><value>1639</value><value>1066</value></point><point><value>1631</value><value>996</value></point><point><value>1621</value><value>959</value></point><point><value>1607</value><value>983</value></point><point><value>1594</value><value>966</value></point><point><value>1600</value><value>902</value></point><point><value>1604</value><value>871</value></point><point><value>1628</value><value>885</value></point><point><value>1643</value><value>874</value></point><point><value>1665</value><value>890</value></point><point><value>1665</value><value>921</value></point><point><value>1666</value><value>932</value></point><point><value>1662</value><value>938</value></point><point><value>1680</value><value>973</value></point><point><value>1667</value><value>974</value></point><point><value>1639</value><value>970</value></point></polygon></segment_polygons></object></annotation>