<annotation><size><width>1000</width><height>576</height><depth>3</depth></size><object><name>tanker</name><bndbox><xmin>504</xmin><ymin>192</ymin><xmax>721</xmax><ymax>441</ymax></bndbox><segment_polygons><polygon><point><value>504</value><value>430</value></point><point><value>504</value><value>256</value></point><point><value>612</value><value>192</value></point><point><value>715</value><value>255</value></point><point><value>721</value><value>430</value></point><point><value>685</value><value>439</value></point><point><value>665</value><value>439</value></point><point><value>603</value><value>441</value></point><point><value>545</value><value>438</value></point></polygon></segment_polygons></object><object><name>tanker</name><bndbox><xmin>68</xmin><ymin>101</ymin><xmax>471</xmax><ymax>414</ymax></bndbox><segment_polygons><polygon><point><value>148</value><value>414</value></point><point><value>68</value><value>341</value></point><point><value>71</value><value>165</value></point><point><value>143</value><value>125</value></point><point><value>188</value><value>154</value></point><point><value>269</value><value>118</value></point><point><value>308</value><value>138</value></point><point><value>399</value><value>101</value></point><point><value>471</value><value>148</value></point><point><value>466</value><value>334</value></point><point><value>399</value><value>413</value></point><point><value>314</value><value>353</value></point><point><value>269</value><value>409</value></point><point><value>198</value><value>354</value></point></polygon></segment_polygons></object><object><name>tanker</name><bndbox><xmin>721</xmin><ymin>82</ymin><xmax>997</xmax><ymax>416</ymax></bndbox><segment_polygons><polygon><point><value>809</value><value>416</value></point><point><value>727</value><value>353</value></point><point><value>721</value><value>159</value></point><point><value>818</value><value>90</value></point><point><value>902</value><value>148</value></point><point><value>991</value><value>82</value></point><point><value>996</value><value>83</value></point><point><value>997</value><value>414</value></point><point><value>913</value><value>357</value></point></polygon></segment_polygons></object></annotation>