<annotation><size><width>1048</width><height>588</height><depth>3</depth></size><object><name>tanker</name><bndbox><xmin>679</xmin><ymin>205</ymin><xmax>905</xmax><ymax>378</ymax></bndbox><segment_polygons><polygon><point><value>761</value><value>364</value></point><point><value>802</value><value>378</value></point><point><value>836</value><value>378</value></point><point><value>869</value><value>363</value></point><point><value>891</value><value>337</value></point><point><value>899</value><value>309</value></point><point><value>905</value><value>281</value></point><point><value>899</value><value>263</value></point><point><value>883</value><value>232</value></point><point><value>859</value><value>215</value></point><point><value>815</value><value>205</value></point><point><value>769</value><value>209</value></point><point><value>745</value><value>221</value></point><point><value>726</value><value>236</value></point><point><value>707</value><value>245</value></point><point><value>693</value><value>264</value></point><point><value>680</value><value>286</value></point><point><value>679</value><value>319</value></point><point><value>681</value><value>340</value></point><point><value>705</value><value>354</value></point><point><value>718</value><value>366</value></point><point><value>739</value><value>368</value></point></polygon></segment_polygons></object><object><name>tanker</name><bndbox><xmin>618</xmin><ymin>17</ymin><xmax>832</xmax><ymax>221</ymax></bndbox><segment_polygons><polygon><point><value>681</value><value>220</value></point><point><value>701</value><value>221</value></point><point><value>753</value><value>195</value></point><point><value>788</value><value>191</value></point><point><value>805</value><value>169</value></point><point><value>821</value><value>141</value></point><point><value>832</value><value>100</value></point><point><value>826</value><value>77</value></point><point><value>803</value><value>50</value></point><point><value>785</value><value>28</value></point><point><value>746</value><value>17</value></point><point><value>708</value><value>17</value></point><point><value>682</value><value>30</value></point><point><value>665</value><value>54</value></point><point><value>651</value><value>80</value></point><point><value>638</value><value>107</value></point><point><value>620</value><value>134</value></point><point><value>618</value><value>160</value></point><point><value>624</value><value>180</value></point><point><value>635</value><value>195</value></point><point><value>651</value><value>208</value></point></polygon></segment_polygons></object><object><name>tanker</name><bndbox><xmin>362</xmin><ymin>68</ymin><xmax>542</xmax><ymax>260</ymax></bndbox><segment_polygons><polygon><point><value>491</value><value>257</value></point><point><value>521</value><value>238</value></point><point><value>532</value><value>203</value></point><point><value>542</value><value>172</value></point><point><value>535</value><value>120</value></point><point><value>518</value><value>96</value></point><point><value>483</value><value>72</value></point><point><value>434</value><value>68</value></point><point><value>403</value><value>85</value></point><point><value>376</value><value>110</value></point><point><value>362</value><value>155</value></point><point><value>365</value><value>198</value></point><point><value>377</value><value>222</value></point><point><value>404</value><value>239</value></point><point><value>439</value><value>257</value></point><point><value>457</value><value>260</value></point></polygon></segment_polygons></object></annotation>