<annotation><size><width>1920</width><height>1080</height><depth>3</depth></size><object><name>tanker</name><bndbox><xmin>1125</xmin><ymin>637</ymin><xmax>1275</xmax><ymax>820</ymax></bndbox><segment_polygons><polygon><point><value>1264</value><value>797</value></point><point><value>1275</value><value>667</value></point><point><value>1221</value><value>637</value></point><point><value>1180</value><value>644</value></point><point><value>1133</value><value>657</value></point><point><value>1129</value><value>698</value></point><point><value>1127</value><value>754</value></point><point><value>1125</value><value>784</value></point><point><value>1150</value><value>814</value></point><point><value>1181</value><value>820</value></point><point><value>1215</value><value>820</value></point><point><value>1215</value><value>820</value></point></polygon></segment_polygons></object><object><name>tanker</name><bndbox><xmin>971</xmin><ymin>551</ymin><xmax>1139</xmax><ymax>792</ymax></bndbox><segment_polygons><polygon><point><value>1107</value><value>775</value></point><point><value>1112</value><value>684</value></point><point><value>1112</value><value>648</value></point><point><value>1139</value><value>599</value></point><point><value>1127</value><value>577</value></point><point><value>1075</value><value>551</value></point><point><value>1041</value><value>566</value></point><point><value>1003</value><value>576</value></point><point><value>1003</value><value>607</value></point><point><value>1000</value><value>616</value></point><point><value>979</value><value>636</value></point><point><value>974</value><value>668</value></point><point><value>972</value><value>726</value></point><point><value>971</value><value>768</value></point><point><value>987</value><value>785</value></point><point><value>1028</value><value>785</value></point><point><value>1046</value><value>792</value></point><point><value>1089</value><value>785</value></point></polygon></segment_polygons></object><object><name>tanker</name><bndbox><xmin>817</xmin><ymin>597</ymin><xmax>958</xmax><ymax>776</ymax></bndbox><segment_polygons><polygon><point><value>864</value><value>776</value></point><point><value>920</value><value>765</value></point><point><value>958</value><value>742</value></point><point><value>958</value><value>669</value></point><point><value>957</value><value>630</value></point><point><value>926</value><value>609</value></point><point><value>888</value><value>597</value></point><point><value>850</value><value>605</value></point><point><value>822</value><value>618</value></point><point><value>817</value><value>640</value></point><point><value>817</value><value>682</value></point><point><value>817</value><value>715</value></point><point><value>818</value><value>742</value></point></polygon></segment_polygons></object><object><name>tanker</name><bndbox><xmin>675</xmin><ymin>583</ymin><xmax>818</xmax><ymax>748</ymax></bndbox><segment_polygons><polygon><point><value>741</value><value>748</value></point><point><value>768</value><value>744</value></point><point><value>810</value><value>723</value></point><point><value>817</value><value>692</value></point><point><value>818</value><value>639</value></point><point><value>817</value><value>609</value></point><point><value>784</value><value>594</value></point><point><value>735</value><value>583</value></point><point><value>689</value><value>602</value></point><point><value>675</value><value>622</value></point><point><value>678</value><value>652</value></point><point><value>678</value><value>690</value></point><point><value>683</value><value>727</value></point><point><value>697</value><value>739</value></point><point><value>719</value><value>742</value></point></polygon></segment_polygons></object><object><name>tanker</name><bndbox><xmin>541</xmin><ymin>560</ymin><xmax>679</xmax><ymax>725</ymax></bndbox><segment_polygons><polygon><point><value>677</value><value>709</value></point><point><value>677</value><value>648</value></point><point><value>679</value><value>605</value></point><point><value>674</value><value>569</value></point><point><value>629</value><value>560</value></point><point><value>592</value><value>561</value></point><point><value>565</value><value>581</value></point><point><value>541</value><value>609</value></point><point><value>546</value><value>645</value></point><point><value>549</value><value>689</value></point><point><value>558</value><value>714</value></point><point><value>600</value><value>717</value></point><point><value>631</value><value>725</value></point></polygon></segment_polygons></object><object><name>tanker</name><bndbox><xmin>429</xmin><ymin>554</ymin><xmax>551</xmax><ymax>697</ymax></bndbox><segment_polygons><polygon><point><value>472</value><value>697</value></point><point><value>509</value><value>697</value></point><point><value>534</value><value>690</value></point><point><value>547</value><value>681</value></point><point><value>547</value><value>642</value></point><point><value>550</value><value>605</value></point><point><value>551</value><value>582</value></point><point><value>532</value><value>561</value></point><point><value>483</value><value>554</value></point><point><value>459</value><value>556</value></point><point><value>433</value><value>576</value></point><point><value>431</value><value>585</value></point><point><value>429</value><value>612</value></point><point><value>434</value><value>651</value></point><point><value>439</value><value>682</value></point><point><value>452</value><value>694</value></point></polygon></segment_polygons></object><object><name>tanker</name><bndbox><xmin>318</xmin><ymin>536</ymin><xmax>441</xmax><ymax>677</ymax></bndbox><segment_polygons><polygon><point><value>361</value><value>677</value></point><point><value>396</value><value>677</value></point><point><value>414</value><value>677</value></point><point><value>425</value><value>673</value></point><point><value>429</value><value>644</value></point><point><value>429</value><value>610</value></point><point><value>429</value><value>582</value></point><point><value>441</value><value>568</value></point><point><value>437</value><value>548</value></point><point><value>393</value><value>536</value></point><point><value>356</value><value>536</value></point><point><value>323</value><value>560</value></point><point><value>318</value><value>582</value></point><point><value>319</value><value>607</value></point><point><value>320</value><value>634</value></point><point><value>323</value><value>667</value></point></polygon></segment_polygons></object><object><name>tanker</name><bndbox><xmin>417</xmin><ymin>479</ymin><xmax>526</xmax><ymax>532</ymax></bndbox><segment_polygons><polygon><point><value>417</value><value>516</value></point><point><value>463</value><value>479</value></point><point><value>496</value><value>485</value></point><point><value>526</value><value>494</value></point><point><value>517</value><value>528</value></point><point><value>516</value><value>531</value></point><point><value>496</value><value>532</value></point><point><value>466</value><value>531</value></point><point><value>439</value><value>525</value></point></polygon></segment_polygons></object><object><name>tanker</name><bndbox><xmin>513</xmin><ymin>500</ymin><xmax>629</xmax><ymax>554</ymax></bndbox><segment_polygons><polygon><point><value>513</value><value>527</value></point><point><value>543</value><value>508</value></point><point><value>555</value><value>500</value></point><point><value>588</value><value>500</value></point><point><value>615</value><value>510</value></point><point><value>611</value><value>543</value></point><point><value>611</value><value>543</value></point><point><value>629</value><value>525</value></point><point><value>624</value><value>554</value></point><point><value>582</value><value>554</value></point><point><value>545</value><value>554</value></point><point><value>520</value><value>539</value></point></polygon></segment_polygons></object><object><name>tanker</name><bndbox><xmin>619</xmin><ymin>496</ymin><xmax>735</xmax><ymax>598</ymax></bndbox><segment_polygons><polygon><point><value>636</value><value>524</value></point><point><value>681</value><value>496</value></point><point><value>730</value><value>519</value></point><point><value>735</value><value>535</value></point><point><value>735</value><value>564</value></point><point><value>715</value><value>587</value></point><point><value>686</value><value>598</value></point><point><value>670</value><value>558</value></point><point><value>635</value><value>554</value></point><point><value>619</value><value>553</value></point></polygon></segment_polygons></object><object><name>tanker</name><bndbox><xmin>747</xmin><ymin>520</ymin><xmax>863</xmax><ymax>610</ymax></bndbox><segment_polygons><polygon><point><value>747</value><value>580</value></point><point><value>747</value><value>556</value></point><point><value>786</value><value>527</value></point><point><value>807</value><value>520</value></point><point><value>830</value><value>529</value></point><point><value>863</value><value>544</value></point><point><value>862</value><value>577</value></point><point><value>862</value><value>606</value></point><point><value>825</value><value>610</value></point><point><value>782</value><value>589</value></point></polygon></segment_polygons></object><object><name>tanker</name><bndbox><xmin>877</xmin><ymin>537</ymin><xmax>984</xmax><ymax>623</ymax></bndbox><segment_polygons><polygon><point><value>883</value><value>595</value></point><point><value>877</value><value>570</value></point><point><value>899</value><value>537</value></point><point><value>949</value><value>537</value></point><point><value>984</value><value>552</value></point><point><value>984</value><value>580</value></point><point><value>984</value><value>623</value></point><point><value>947</value><value>623</value></point><point><value>909</value><value>605</value></point></polygon></segment_polygons></object><object><name>tanker</name><bndbox><xmin>1145</xmin><ymin>572</ymin><xmax>1268</xmax><ymax>661</ymax></bndbox><segment_polygons><polygon><point><value>1145</value><value>636</value></point><point><value>1147</value><value>583</value></point><point><value>1195</value><value>572</value></point><point><value>1240</value><value>572</value></point><point><value>1268</value><value>587</value></point><point><value>1267</value><value>634</value></point><point><value>1264</value><value>661</value></point><point><value>1224</value><value>640</value></point><point><value>1169</value><value>638</value></point></polygon></segment_polygons></object><object><name>tanker</name><bndbox><xmin>553</xmin><ymin>404</ymin><xmax>1267</xmax><ymax>578</ymax></bndbox><segment_polygons><polygon><point><value>1153</value><value>578</value></point><point><value>1263</value><value>560</value></point><point><value>1267</value><value>506</value></point><point><value>1199</value><value>441</value></point><point><value>625</value><value>404</value></point><point><value>553</value><value>444</value></point><point><value>558</value><value>485</value></point></polygon></segment_polygons></object><object><name>trees</name><bndbox><xmin>1792</xmin><ymin>321</ymin><xmax>1857</xmax><ymax>400</ymax></bndbox><segment_polygons><polygon><point><value>1822</value><value>374</value></point><point><value>1828</value><value>334</value></point><point><value>1803</value><value>321</value></point><point><value>1800</value><value>353</value></point><point><value>1792</value><value>390</value></point><point><value>1805</value><value>400</value></point><point><value>1838</value><value>400</value></point><point><value>1855</value><value>400</value></point><point><value>1857</value><value>386</value></point><point><value>1847</value><value>371</value></point></polygon></segment_polygons></object><object><name>trees</name><bndbox><xmin>1649</xmin><ymin>305</ymin><xmax>1776</xmax><ymax>383</ymax></bndbox><segment_polygons><polygon><point><value>1766</value><value>379</value></point><point><value>1776</value><value>307</value></point><point><value>1754</value><value>305</value></point><point><value>1748</value><value>318</value></point><point><value>1741</value><value>318</value></point><point><value>1739</value><value>329</value></point><point><value>1730</value><value>338</value></point><point><value>1705</value><value>334</value></point><point><value>1697</value><value>361</value></point><point><value>1681</value><value>371</value></point><point><value>1652</value><value>370</value></point><point><value>1649</value><value>383</value></point><point><value>1681</value><value>383</value></point><point><value>1747</value><value>383</value></point></polygon></segment_polygons></object><object><name>trees</name><bndbox><xmin>1482</xmin><ymin>318</ymin><xmax>1659</xmax><ymax>391</ymax></bndbox><segment_polygons><polygon><point><value>1659</value><value>375</value></point><point><value>1634</value><value>359</value></point><point><value>1638</value><value>318</value></point><point><value>1626</value><value>320</value></point><point><value>1619</value><value>361</value></point><point><value>1595</value><value>365</value></point><point><value>1564</value><value>363</value></point><point><value>1529</value><value>363</value></point><point><value>1488</value><value>362</value></point><point><value>1482</value><value>362</value></point><point><value>1482</value><value>384</value></point><point><value>1532</value><value>386</value></point><point><value>1577</value><value>387</value></point><point><value>1606</value><value>388</value></point><point><value>1643</value><value>391</value></point></polygon></segment_polygons></object><object><name>trees</name><bndbox><xmin>1320</xmin><ymin>326</ymin><xmax>1345</xmax><ymax>362</ymax></bndbox><segment_polygons><polygon><point><value>1325</value><value>362</value></point><point><value>1345</value><value>346</value></point><point><value>1343</value><value>332</value></point><point><value>1331</value><value>326</value></point><point><value>1320</value><value>332</value></point><point><value>1320</value><value>346</value></point></polygon></segment_polygons></object><object><name>trees</name><bndbox><xmin>1268</xmin><ymin>312</ymin><xmax>1310</xmax><ymax>357</ymax></bndbox><segment_polygons><polygon><point><value>1310</value><value>357</value></point><point><value>1293</value><value>336</value></point><point><value>1284</value><value>312</value></point><point><value>1271</value><value>330</value></point><point><value>1268</value><value>342</value></point><point><value>1268</value><value>355</value></point></polygon></segment_polygons></object><object><name>trees</name><bndbox><xmin>1210</xmin><ymin>325</ymin><xmax>1257</xmax><ymax>350</ymax></bndbox><segment_polygons><polygon><point><value>1257</value><value>349</value></point><point><value>1243</value><value>325</value></point><point><value>1227</value><value>329</value></point><point><value>1210</value><value>346</value></point><point><value>1213</value><value>350</value></point></polygon></segment_polygons></object><object><name>trees</name><bndbox><xmin>1156</xmin><ymin>283</ymin><xmax>1174</xmax><ymax>334</ymax></bndbox><segment_polygons><polygon><point><value>1174</value><value>334</value></point><point><value>1174</value><value>288</value></point><point><value>1160</value><value>283</value></point><point><value>1159</value><value>307</value></point><point><value>1156</value><value>334</value></point></polygon></segment_polygons></object><object><name>tanker</name><bndbox><xmin>1769</xmin><ymin>685</ymin><xmax>1861</xmax><ymax>835</ymax></bndbox><segment_polygons><polygon><point><value>1824</value><value>835</value></point><point><value>1861</value><value>705</value></point><point><value>1837</value><value>685</value></point><point><value>1809</value><value>690</value></point><point><value>1776</value><value>727</value></point><point><value>1769</value><value>774</value></point><point><value>1822</value><value>785</value></point></polygon></segment_polygons></object><object><name>trees</name><bndbox><xmin>1816</xmin><ymin>933</ymin><xmax>1915</xmax><ymax>1062</ymax></bndbox><segment_polygons><polygon><point><value>1878</value><value>1062</value></point><point><value>1816</value><value>966</value></point><point><value>1843</value><value>933</value></point><point><value>1892</value><value>939</value></point><point><value>1915</value><value>949</value></point><point><value>1915</value><value>1000</value></point><point><value>1915</value><value>1048</value></point><point><value>1912</value><value>1061</value></point></polygon></segment_polygons></object><object><name>trees</name><bndbox><xmin>1382</xmin><ymin>941</ymin><xmax>1468</xmax><ymax>1027</ymax></bndbox><segment_polygons><polygon><point><value>1441</value><value>1027</value></point><point><value>1443</value><value>1003</value></point><point><value>1462</value><value>980</value></point><point><value>1468</value><value>963</value></point><point><value>1443</value><value>941</value></point><point><value>1414</value><value>943</value></point><point><value>1383</value><value>967</value></point><point><value>1382</value><value>989</value></point><point><value>1390</value><value>998</value></point><point><value>1403</value><value>1007</value></point></polygon></segment_polygons></object><object><name>trees</name><bndbox><xmin>1246</xmin><ymin>939</ymin><xmax>1305</xmax><ymax>1048</ymax></bndbox><segment_polygons><polygon><point><value>1286</value><value>1048</value></point><point><value>1305</value><value>1007</value></point><point><value>1303</value><value>962</value></point><point><value>1283</value><value>939</value></point><point><value>1263</value><value>953</value></point><point><value>1246</value><value>970</value></point><point><value>1249</value><value>1011</value></point><point><value>1263</value><value>1031</value></point></polygon></segment_polygons></object><object><name>trees</name><bndbox><xmin>1822</xmin><ymin>539</ymin><xmax>1916</xmax><ymax>642</ymax></bndbox><segment_polygons><polygon><point><value>1841</value><value>624</value></point><point><value>1822</value><value>575</value></point><point><value>1861</value><value>569</value></point><point><value>1880</value><value>543</value></point><point><value>1908</value><value>539</value></point><point><value>1916</value><value>606</value></point><point><value>1916</value><value>632</value></point><point><value>1915</value><value>642</value></point><point><value>1873</value><value>635</value></point></polygon></segment_polygons></object><object><name>trees</name><bndbox><xmin>1597</xmin><ymin>559</ymin><xmax>1631</xmax><ymax>593</ymax></bndbox><segment_polygons><polygon><point><value>1629</value><value>593</value></point><point><value>1631</value><value>567</value></point><point><value>1615</value><value>559</value></point><point><value>1597</value><value>577</value></point><point><value>1604</value><value>584</value></point></polygon></segment_polygons></object><object><name>trees</name><bndbox><xmin>1037</xmin><ymin>281</ymin><xmax>1054</xmax><ymax>336</ymax></bndbox><segment_polygons><polygon><point><value>1052</value><value>336</value></point><point><value>1054</value><value>281</value></point><point><value>1037</value><value>326</value></point></polygon></segment_polygons></object><object><name>trees</name><bndbox><xmin>1069</xmin><ymin>286</ymin><xmax>1083</xmax><ymax>333</ymax></bndbox><segment_polygons><polygon><point><value>1080</value><value>333</value></point><point><value>1069</value><value>290</value></point><point><value>1080</value><value>286</value></point><point><value>1083</value><value>302</value></point></polygon></segment_polygons></object><object><name>trees</name><bndbox><xmin>574</xmin><ymin>275</ymin><xmax>782</xmax><ymax>305</ymax></bndbox><segment_polygons><polygon><point><value>583</value><value>298</value></point><point><value>683</value><value>303</value></point><point><value>732</value><value>305</value></point><point><value>782</value><value>305</value></point><point><value>723</value><value>286</value></point><point><value>673</value><value>279</value></point><point><value>621</value><value>275</value></point><point><value>590</value><value>275</value></point><point><value>574</value><value>286</value></point></polygon></segment_polygons></object><object><name>trees</name><bndbox><xmin>424</xmin><ymin>929</ymin><xmax>577</xmax><ymax>1048</ymax></bndbox><segment_polygons><polygon><point><value>437</value><value>1038</value></point><point><value>465</value><value>1048</value></point><point><value>496</value><value>1042</value></point><point><value>526</value><value>1025</value></point><point><value>551</value><value>1001</value></point><point><value>577</value><value>993</value></point><point><value>561</value><value>956</value></point><point><value>537</value><value>929</value></point><point><value>478</value><value>929</value></point><point><value>445</value><value>945</value></point><point><value>426</value><value>976</value></point><point><value>424</value><value>1004</value></point></polygon></segment_polygons></object></annotation>