<annotation><size><width>980</width><height>549</height><depth>3</depth></size><object><name>tanker</name><bndbox><xmin>705</xmin><ymin>197</ymin><xmax>748</xmax><ymax>254</ymax></bndbox><segment_polygons><polygon><point><value>728</value><value>197</value></point><point><value>705</value><value>209</value></point><point><value>705</value><value>242</value></point><point><value>727</value><value>254</value></point><point><value>746</value><value>250</value></point><point><value>748</value><value>215</value></point></polygon></segment_polygons></object><object><name>tanker</name><bndbox><xmin>750</xmin><ymin>197</ymin><xmax>773</xmax><ymax>243</ymax></bndbox><segment_polygons><polygon><point><value>761</value><value>197</value></point><point><value>750</value><value>202</value></point><point><value>750</value><value>231</value></point><point><value>764</value><value>243</value></point><point><value>771</value><value>236</value></point><point><value>773</value><value>202</value></point></polygon></segment_polygons></object><object><name>tanker</name><bndbox><xmin>774</xmin><ymin>191</ymin><xmax>794</xmax><ymax>228</ymax></bndbox><segment_polygons><polygon><point><value>777</value><value>191</value></point><point><value>794</value><value>202</value></point><point><value>791</value><value>228</value></point><point><value>774</value><value>228</value></point><point><value>775</value><value>204</value></point></polygon></segment_polygons></object><object><name>tanker</name><bndbox><xmin>799</xmin><ymin>187</ymin><xmax>822</xmax><ymax>230</ymax></bndbox><segment_polygons><polygon><point><value>814</value><value>187</value></point><point><value>822</value><value>197</value></point><point><value>822</value><value>229</value></point><point><value>800</value><value>230</value></point><point><value>799</value><value>199</value></point></polygon></segment_polygons></object><object><name>tanker</name><bndbox><xmin>826</xmin><ymin>183</ymin><xmax>866</xmax><ymax>239</ymax></bndbox><segment_polygons><polygon><point><value>843</value><value>183</value></point><point><value>866</value><value>195</value></point><point><value>866</value><value>235</value></point><point><value>846</value><value>239</value></point><point><value>829</value><value>234</value></point><point><value>826</value><value>201</value></point><point><value>826</value><value>190</value></point></polygon></segment_polygons></object><object><name>tanker</name><bndbox><xmin>867</xmin><ymin>176</ymin><xmax>906</xmax><ymax>230</ymax></bndbox><segment_polygons><polygon><point><value>887</value><value>176</value></point><point><value>906</value><value>188</value></point><point><value>903</value><value>223</value></point><point><value>891</value><value>230</value></point><point><value>871</value><value>230</value></point><point><value>870</value><value>197</value></point><point><value>867</value><value>189</value></point><point><value>869</value><value>178</value></point></polygon></segment_polygons></object><object><name>tanker</name><bndbox><xmin>538</xmin><ymin>109</ymin><xmax>546</xmax><ymax>132</ymax></bndbox><segment_polygons><polygon><point><value>542</value><value>109</value></point><point><value>538</value><value>130</value></point><point><value>546</value><value>132</value></point></polygon></segment_polygons></object><object><name>building</name><bndbox><xmin>155</xmin><ymin>153</ymin><xmax>236</xmax><ymax>203</ymax></bndbox><segment_polygons><polygon><point><value>161</value><value>161</value></point><point><value>193</value><value>153</value></point><point><value>217</value><value>155</value></point><point><value>236</value><value>176</value></point><point><value>235</value><value>200</value></point><point><value>176</value><value>203</value></point><point><value>155</value><value>186</value></point></polygon></segment_polygons></object><object><name>building</name><bndbox><xmin>145</xmin><ymin>341</ymin><xmax>264</xmax><ymax>393</ymax></bndbox><segment_polygons><polygon><point><value>264</value><value>366</value></point><point><value>260</value><value>347</value></point><point><value>230</value><value>341</value></point><point><value>218</value><value>349</value></point><point><value>196</value><value>351</value></point><point><value>187</value><value>341</value></point><point><value>175</value><value>345</value></point><point><value>167</value><value>346</value></point><point><value>145</value><value>360</value></point><point><value>145</value><value>368</value></point><point><value>147</value><value>382</value></point><point><value>199</value><value>393</value></point><point><value>209</value><value>374</value></point></polygon></segment_polygons></object><object><name>building</name><bndbox><xmin>495</xmin><ymin>129</ymin><xmax>533</xmax><ymax>147</ymax></bndbox><segment_polygons><polygon><point><value>495</value><value>137</value></point><point><value>503</value><value>129</value></point><point><value>514</value><value>129</value></point><point><value>527</value><value>130</value></point><point><value>530</value><value>136</value></point><point><value>533</value><value>145</value></point><point><value>517</value><value>147</value></point><point><value>505</value><value>146</value></point></polygon></segment_polygons></object><object><name>trees</name><bndbox><xmin>555</xmin><ymin>224</ymin><xmax>693</xmax><ymax>362</ymax></bndbox><segment_polygons><polygon><point><value>622</value><value>326</value></point><point><value>662</value><value>362</value></point><point><value>689</value><value>348</value></point><point><value>692</value><value>323</value></point><point><value>693</value><value>315</value></point><point><value>665</value><value>288</value></point><point><value>642</value><value>278</value></point><point><value>616</value><value>247</value></point><point><value>590</value><value>231</value></point><point><value>578</value><value>224</value></point><point><value>561</value><value>232</value></point><point><value>555</value><value>254</value></point><point><value>558</value><value>271</value></point></polygon></segment_polygons></object><object><name>trees</name><bndbox><xmin>276</xmin><ymin>305</ymin><xmax>352</xmax><ymax>387</ymax></bndbox><segment_polygons><polygon><point><value>287</value><value>387</value></point><point><value>337</value><value>384</value></point><point><value>352</value><value>359</value></point><point><value>340</value><value>321</value></point><point><value>321</value><value>305</value></point><point><value>294</value><value>316</value></point><point><value>277</value><value>336</value></point><point><value>276</value><value>355</value></point></polygon></segment_polygons></object><object><name>trees</name><bndbox><xmin>180</xmin><ymin>233</ymin><xmax>330</xmax><ymax>328</ymax></bndbox><segment_polygons><polygon><point><value>189</value><value>328</value></point><point><value>303</value><value>311</value></point><point><value>330</value><value>279</value></point><point><value>328</value><value>243</value></point><point><value>304</value><value>233</value></point><point><value>280</value><value>243</value></point><point><value>280</value><value>243</value></point><point><value>270</value><value>256</value></point><point><value>225</value><value>259</value></point><point><value>215</value><value>273</value></point><point><value>190</value><value>271</value></point><point><value>180</value><value>285</value></point><point><value>183</value><value>308</value></point></polygon></segment_polygons></object><object><name>trees</name><bndbox><xmin>868</xmin><ymin>148</ymin><xmax>953</xmax><ymax>212</ymax></bndbox><segment_polygons><polygon><point><value>917</value><value>203</value></point><point><value>940</value><value>212</value></point><point><value>953</value><value>188</value></point><point><value>941</value><value>170</value></point><point><value>919</value><value>169</value></point><point><value>902</value><value>156</value></point><point><value>878</value><value>148</value></point><point><value>868</value><value>157</value></point><point><value>871</value><value>171</value></point><point><value>891</value><value>173</value></point></polygon></segment_polygons></object><object><name>trees</name><bndbox><xmin>741</xmin><ymin>70</ymin><xmax>834</xmax><ymax>136</ymax></bndbox><segment_polygons><polygon><point><value>745</value><value>91</value></point><point><value>790</value><value>130</value></point><point><value>828</value><value>136</value></point><point><value>834</value><value>119</value></point><point><value>816</value><value>97</value></point><point><value>796</value><value>89</value></point><point><value>779</value><value>72</value></point><point><value>765</value><value>71</value></point><point><value>741</value><value>70</value></point></polygon></segment_polygons></object><object><name>trees</name><bndbox><xmin>306</xmin><ymin>69</ymin><xmax>725</xmax><ymax>152</ymax></bndbox><segment_polygons><polygon><point><value>725</value><value>90</value></point><point><value>695</value><value>72</value></point><point><value>659</value><value>69</value></point><point><value>628</value><value>81</value></point><point><value>586</value><value>83</value></point><point><value>551</value><value>87</value></point><point><value>540</value><value>90</value></point><point><value>517</value><value>102</value></point><point><value>477</value><value>93</value></point><point><value>455</value><value>103</value></point><point><value>425</value><value>97</value></point><point><value>384</value><value>93</value></point><point><value>373</value><value>102</value></point><point><value>349</value><value>109</value></point><point><value>326</value><value>105</value></point><point><value>318</value><value>113</value></point><point><value>306</value><value>115</value></point><point><value>319</value><value>149</value></point><point><value>334</value><value>152</value></point><point><value>366</value><value>143</value></point><point><value>390</value><value>140</value></point><point><value>410</value><value>143</value></point><point><value>413</value><value>143</value></point><point><value>446</value><value>134</value></point><point><value>491</value><value>138</value></point><point><value>516</value><value>125</value></point><point><value>533</value><value>119</value></point><point><value>553</value><value>109</value></point><point><value>580</value><value>108</value></point><point><value>600</value><value>96</value></point><point><value>622</value><value>103</value></point><point><value>651</value><value>109</value></point><point><value>669</value><value>110</value></point><point><value>704</value><value>101</value></point></polygon></segment_polygons></object><object><name>trees</name><bndbox><xmin>357</xmin><ymin>185</ymin><xmax>476</xmax><ymax>220</ymax></bndbox><segment_polygons><polygon><point><value>357</value><value>185</value></point><point><value>370</value><value>217</value></point><point><value>395</value><value>220</value></point><point><value>424</value><value>214</value></point><point><value>444</value><value>210</value></point><point><value>464</value><value>204</value></point><point><value>476</value><value>205</value></point><point><value>476</value><value>191</value></point><point><value>466</value><value>197</value></point><point><value>455</value><value>188</value></point><point><value>450</value><value>202</value></point><point><value>437</value><value>189</value></point><point><value>431</value><value>199</value></point><point><value>417</value><value>194</value></point><point><value>412</value><value>207</value></point><point><value>398</value><value>201</value></point><point><value>388</value><value>210</value></point><point><value>380</value><value>191</value></point><point><value>374</value><value>193</value></point></polygon></segment_polygons></object><object><name>trees</name><bndbox><xmin>1</xmin><ymin>2</ymin><xmax>66</xmax><ymax>117</ymax></bndbox><segment_polygons><polygon><point><value>39</value><value>117</value></point><point><value>60</value><value>104</value></point><point><value>66</value><value>89</value></point><point><value>59</value><value>61</value></point><point><value>55</value><value>38</value></point><point><value>59</value><value>21</value></point><point><value>66</value><value>6</value></point><point><value>21</value><value>2</value></point><point><value>14</value><value>18</value></point><point><value>4</value><value>24</value></point><point><value>2</value><value>68</value></point><point><value>1</value><value>90</value></point><point><value>17</value><value>74</value></point><point><value>30</value><value>66</value></point><point><value>31</value><value>81</value></point><point><value>31</value><value>88</value></point><point><value>39</value><value>90</value></point></polygon></segment_polygons></object><object><name>trees</name><bndbox><xmin>500</xmin><ymin>253</ymin><xmax>548</xmax><ymax>276</ymax></bndbox><segment_polygons><polygon><point><value>546</value><value>253</value></point><point><value>500</value><value>267</value></point><point><value>511</value><value>273</value></point><point><value>520</value><value>276</value></point><point><value>544</value><value>276</value></point><point><value>548</value><value>276</value></point></polygon></segment_polygons></object><object><name>trees</name><bndbox><xmin>497</xmin><ymin>268</ymin><xmax>630</xmax><ymax>349</ymax></bndbox><segment_polygons><polygon><point><value>499</value><value>268</value></point><point><value>499</value><value>277</value></point><point><value>497</value><value>292</value></point><point><value>513</value><value>304</value></point><point><value>524</value><value>323</value></point><point><value>538</value><value>335</value></point><point><value>552</value><value>341</value></point><point><value>569</value><value>346</value></point><point><value>589</value><value>349</value></point><point><value>604</value><value>345</value></point><point><value>630</value><value>344</value></point><point><value>611</value><value>329</value></point><point><value>591</value><value>335</value></point><point><value>569</value><value>335</value></point><point><value>549</value><value>332</value></point><point><value>535</value><value>307</value></point><point><value>518</value><value>300</value></point><point><value>515</value><value>284</value></point><point><value>509</value><value>274</value></point></polygon></segment_polygons></object><object><name>trees</name><bndbox><xmin>485</xmin><ymin>304</ymin><xmax>543</xmax><ymax>365</ymax></bndbox><segment_polygons><polygon><point><value>485</value><value>322</value></point><point><value>490</value><value>310</value></point><point><value>497</value><value>304</value></point><point><value>501</value><value>315</value></point><point><value>503</value><value>321</value></point><point><value>501</value><value>327</value></point><point><value>507</value><value>327</value></point><point><value>508</value><value>323</value></point><point><value>513</value><value>324</value></point><point><value>516</value><value>326</value></point><point><value>515</value><value>331</value></point><point><value>521</value><value>331</value></point><point><value>521</value><value>336</value></point><point><value>528</value><value>337</value></point><point><value>528</value><value>342</value></point><point><value>530</value><value>344</value></point><point><value>534</value><value>344</value></point><point><value>539</value><value>351</value></point><point><value>543</value><value>357</value></point><point><value>543</value><value>362</value></point><point><value>540</value><value>365</value></point><point><value>536</value><value>357</value></point><point><value>530</value><value>355</value></point><point><value>528</value><value>350</value></point><point><value>524</value><value>345</value></point><point><value>518</value><value>340</value></point><point><value>519</value><value>343</value></point><point><value>524</value><value>346</value></point><point><value>525</value><value>352</value></point><point><value>527</value><value>359</value></point><point><value>518</value><value>359</value></point><point><value>515</value><value>354</value></point><point><value>511</value><value>354</value></point><point><value>512</value><value>350</value></point><point><value>511</value><value>339</value></point><point><value>508</value><value>343</value></point><point><value>503</value><value>337</value></point><point><value>500</value><value>334</value></point><point><value>492</value><value>334</value></point><point><value>492</value><value>328</value></point><point><value>488</value><value>328</value></point></polygon></segment_polygons></object><object><name>trees</name><bndbox><xmin>470</xmin><ymin>293</ymin><xmax>488</xmax><ymax>317</ymax></bndbox><segment_polygons><polygon><point><value>482</value><value>317</value></point><point><value>485</value><value>306</value></point><point><value>488</value><value>301</value></point><point><value>484</value><value>293</value></point><point><value>480</value><value>293</value></point><point><value>473</value><value>293</value></point><point><value>470</value><value>300</value></point><point><value>470</value><value>307</value></point></polygon></segment_polygons></object><object><name>trees</name><bndbox><xmin>426</xmin><ymin>251</ymin><xmax>512</xmax><ymax>280</ymax></bndbox><segment_polygons><polygon><point><value>437</value><value>280</value></point><point><value>460</value><value>274</value></point><point><value>472</value><value>271</value></point><point><value>492</value><value>266</value></point><point><value>507</value><value>261</value></point><point><value>512</value><value>257</value></point><point><value>502</value><value>252</value></point><point><value>489</value><value>251</value></point><point><value>464</value><value>253</value></point><point><value>446</value><value>261</value></point><point><value>428</value><value>263</value></point><point><value>426</value><value>269</value></point></polygon></segment_polygons></object><object><name>trees</name><bndbox><xmin>387</xmin><ymin>203</ymin><xmax>623</xmax><ymax>270</ymax></bndbox><segment_polygons><polygon><point><value>414</value><value>270</value></point><point><value>406</value><value>261</value></point><point><value>400</value><value>247</value></point><point><value>392</value><value>244</value></point><point><value>392</value><value>236</value></point><point><value>387</value><value>234</value></point><point><value>388</value><value>216</value></point><point><value>393</value><value>215</value></point><point><value>398</value><value>221</value></point><point><value>400</value><value>225</value></point><point><value>409</value><value>224</value></point><point><value>410</value><value>229</value></point><point><value>422</value><value>226</value></point><point><value>437</value><value>224</value></point><point><value>452</value><value>225</value></point><point><value>460</value><value>220</value></point><point><value>472</value><value>220</value></point><point><value>492</value><value>218</value></point><point><value>504</value><value>218</value></point><point><value>522</value><value>215</value></point><point><value>544</value><value>215</value></point><point><value>559</value><value>209</value></point><point><value>570</value><value>209</value></point><point><value>579</value><value>203</value></point><point><value>594</value><value>203</value></point><point><value>608</value><value>206</value></point><point><value>617</value><value>209</value></point><point><value>621</value><value>221</value></point><point><value>621</value><value>233</value></point><point><value>623</value><value>244</value></point><point><value>623</value><value>253</value></point><point><value>613</value><value>242</value></point><point><value>601</value><value>234</value></point><point><value>584</value><value>227</value></point><point><value>569</value><value>223</value></point><point><value>556</value><value>232</value></point><point><value>552</value><value>241</value></point><point><value>550</value><value>246</value></point><point><value>529</value><value>252</value></point><point><value>518</value><value>253</value></point><point><value>514</value><value>253</value></point><point><value>491</value><value>247</value></point><point><value>472</value><value>249</value></point><point><value>464</value><value>249</value></point><point><value>450</value><value>256</value></point><point><value>440</value><value>259</value></point><point><value>423</value><value>259</value></point><point><value>419</value><value>267</value></point></polygon></segment_polygons></object></annotation>