<annotation><size><width>1920</width><height>1080</height><depth>3</depth></size><object><name>tanker</name><bndbox><xmin>620</xmin><ymin>215</ymin><xmax>1293</xmax><ymax>838</ymax></bndbox><segment_polygons><polygon><point><value>808</value><value>771</value></point><point><value>733</value><value>724</value></point><point><value>756</value><value>648</value></point><point><value>704</value><value>627</value></point><point><value>704</value><value>579</value></point><point><value>700</value><value>562</value></point><point><value>670</value><value>497</value></point><point><value>659</value><value>458</value></point><point><value>625</value><value>415</value></point><point><value>621</value><value>363</value></point><point><value>620</value><value>292</value></point><point><value>621</value><value>242</value></point><point><value>676</value><value>249</value></point><point><value>689</value><value>256</value></point><point><value>739</value><value>258</value></point><point><value>758</value><value>238</value></point><point><value>825</value><value>251</value></point><point><value>870</value><value>262</value></point><point><value>928</value><value>215</value></point><point><value>1036</value><value>303</value></point><point><value>1137</value><value>391</value></point><point><value>1293</value><value>488</value></point><point><value>1278</value><value>540</value></point><point><value>1271</value><value>611</value></point><point><value>1256</value><value>659</value></point><point><value>1178</value><value>665</value></point><point><value>1101</value><value>641</value></point><point><value>1079</value><value>702</value></point><point><value>1045</value><value>713</value></point><point><value>980</value><value>724</value></point><point><value>961</value><value>769</value></point><point><value>926</value><value>812</value></point><point><value>888</value><value>838</value></point><point><value>844</value><value>836</value></point></polygon></segment_polygons></object></annotation>