<annotation><size><width>1300</width><height>954</height><depth>3</depth></size><object><name>tanker</name><bndbox><xmin>1038</xmin><ymin>97</ymin><xmax>1188</xmax><ymax>579</ymax></bndbox><segment_polygons><polygon><point><value>1162</value><value>528</value></point><point><value>1170</value><value>394</value></point><point><value>1173</value><value>264</value></point><point><value>1188</value><value>145</value></point><point><value>1160</value><value>97</value></point><point><value>1139</value><value>97</value></point><point><value>1126</value><value>97</value></point><point><value>1103</value><value>98</value></point><point><value>1089</value><value>119</value></point><point><value>1072</value><value>147</value></point><point><value>1066</value><value>212</value></point><point><value>1063</value><value>286</value></point><point><value>1050</value><value>373</value></point><point><value>1046</value><value>480</value></point><point><value>1038</value><value>566</value></point><point><value>1087</value><value>579</value></point><point><value>1124</value><value>572</value></point></polygon></segment_polygons></object><object><name>tanker</name><bndbox><xmin>905</xmin><ymin>33</ymin><xmax>1032</xmax><ymax>449</ymax></bndbox><segment_polygons><polygon><point><value>1011</value><value>442</value></point><point><value>1012</value><value>345</value></point><point><value>1027</value><value>213</value></point><point><value>1025</value><value>118</value></point><point><value>1032</value><value>58</value></point><point><value>975</value><value>33</value></point><point><value>924</value><value>46</value></point><point><value>924</value><value>88</value></point><point><value>911</value><value>236</value></point><point><value>905</value><value>429</value></point><point><value>944</value><value>449</value></point></polygon></segment_polygons></object><object><name>building</name><bndbox><xmin>193</xmin><ymin>428</ymin><xmax>609</xmax><ymax>691</ymax></bndbox><segment_polygons><polygon><point><value>608</value><value>632</value></point><point><value>609</value><value>554</value></point><point><value>570</value><value>434</value></point><point><value>554</value><value>428</value></point><point><value>193</value><value>483</value></point><point><value>227</value><value>624</value></point><point><value>242</value><value>691</value></point></polygon></segment_polygons></object><object><name>building</name><bndbox><xmin>197</xmin><ymin>1</ymin><xmax>461</xmax><ymax>337</ymax></bndbox><segment_polygons><polygon><point><value>426</value><value>324</value></point><point><value>461</value><value>71</value></point><point><value>460</value><value>4</value></point><point><value>320</value><value>1</value></point><point><value>231</value><value>2</value></point><point><value>197</value><value>197</value></point><point><value>197</value><value>337</value></point></polygon></segment_polygons></object><object><name>building</name><bndbox><xmin>681</xmin><ymin>100</ymin><xmax>913</xmax><ymax>360</ymax></bndbox><segment_polygons><polygon><point><value>681</value><value>353</value></point><point><value>681</value><value>223</value></point><point><value>697</value><value>110</value></point><point><value>777</value><value>116</value></point><point><value>777</value><value>100</value></point><point><value>799</value><value>106</value></point><point><value>799</value><value>111</value></point><point><value>868</value><value>123</value></point><point><value>869</value><value>110</value></point><point><value>887</value><value>116</value></point><point><value>887</value><value>124</value></point><point><value>913</value><value>124</value></point><point><value>900</value><value>243</value></point><point><value>905</value><value>360</value></point></polygon></segment_polygons></object></annotation>