<annotation><size><width>2816</width><height>1506</height><depth>3</depth></size><object><name>tanker</name><bndbox><xmin>2027</xmin><ymin>650</ymin><xmax>2674</xmax><ymax>1273</ymax></bndbox><segment_polygons><polygon><point><value>2669</value><value>1262</value></point><point><value>2674</value><value>819</value></point><point><value>2370</value><value>653</value></point><point><value>2318</value><value>650</value></point><point><value>2268</value><value>695</value></point><point><value>2027</value><value>832</value></point><point><value>2033</value><value>1257</value></point><point><value>2167</value><value>1265</value></point><point><value>2357</value><value>1273</value></point><point><value>2497</value><value>1267</value></point></polygon></segment_polygons></object><object><name>tanker</name><bndbox><xmin>1584</xmin><ymin>727</ymin><xmax>2033</xmax><ymax>1265</ymax></bndbox><segment_polygons><polygon><point><value>2033</value><value>1246</value></point><point><value>2030</value><value>832</value></point><point><value>1890</value><value>727</value></point><point><value>1843</value><value>727</value></point><point><value>1782</value><value>766</value></point><point><value>1584</value><value>882</value></point><point><value>1594</value><value>1241</value></point><point><value>1697</value><value>1259</value></point><point><value>1803</value><value>1265</value></point><point><value>1916</value><value>1265</value></point></polygon></segment_polygons></object><object><name>tanker</name><bndbox><xmin>1246</xmin><ymin>795</ymin><xmax>1605</xmax><ymax>1249</ymax></bndbox><segment_polygons><polygon><point><value>1605</value><value>861</value></point><point><value>1510</value><value>798</value></point><point><value>1460</value><value>795</value></point><point><value>1246</value><value>922</value></point><point><value>1254</value><value>1228</value></point><point><value>1365</value><value>1249</value></point><point><value>1491</value><value>1244</value></point><point><value>1584</value><value>1236</value></point></polygon></segment_polygons></object><object><name>tanker</name><bndbox><xmin>995</xmin><ymin>832</ymin><xmax>1291</xmax><ymax>1244</ymax></bndbox><segment_polygons><polygon><point><value>1267</value><value>1241</value></point><point><value>1254</value><value>914</value></point><point><value>1291</value><value>882</value></point><point><value>1228</value><value>832</value></point><point><value>995</value><value>948</value></point><point><value>1003</value><value>1228</value></point><point><value>1117</value><value>1244</value></point><point><value>1180</value><value>1241</value></point></polygon></segment_polygons></object><object><name>tanker</name><bndbox><xmin>800</xmin><ymin>869</ymin><xmax>1059</xmax><ymax>1244</ymax></bndbox><segment_polygons><polygon><point><value>995</value><value>1228</value></point><point><value>995</value><value>940</value></point><point><value>1059</value><value>906</value></point><point><value>1024</value><value>874</value></point><point><value>985</value><value>869</value></point><point><value>932</value><value>901</value></point><point><value>816</value><value>969</value></point><point><value>800</value><value>1212</value></point><point><value>869</value><value>1241</value></point><point><value>945</value><value>1244</value></point></polygon></segment_polygons></object><object><name>tanker</name><bndbox><xmin>644</xmin><ymin>903</ymin><xmax>869</xmax><ymax>1230</ymax></bndbox><segment_polygons><polygon><point><value>869</value><value>932</value></point><point><value>829</value><value>909</value></point><point><value>803</value><value>903</value></point><point><value>649</value><value>1009</value></point><point><value>644</value><value>1222</value></point><point><value>700</value><value>1230</value></point><point><value>744</value><value>1230</value></point><point><value>792</value><value>1228</value></point><point><value>789</value><value>1193</value></point><point><value>803</value><value>975</value></point></polygon></segment_polygons></object><object><name>tanker</name><bndbox><xmin>507</xmin><ymin>919</ymin><xmax>715</xmax><ymax>1222</ymax></bndbox><segment_polygons><polygon><point><value>636</value><value>1209</value></point><point><value>636</value><value>993</value></point><point><value>715</value><value>943</value></point><point><value>692</value><value>922</value></point><point><value>673</value><value>919</value></point><point><value>655</value><value>925</value></point><point><value>523</value><value>1017</value></point><point><value>507</value><value>1209</value></point><point><value>554</value><value>1222</value></point><point><value>586</value><value>1222</value></point></polygon></segment_polygons></object><object><name>tanker</name><bndbox><xmin>415</xmin><ymin>940</ymin><xmax>578</xmax><ymax>1225</ymax></bndbox><segment_polygons><polygon><point><value>578</value><value>964</value></point><point><value>557</value><value>940</value></point><point><value>517</value><value>956</value></point><point><value>415</value><value>1022</value></point><point><value>415</value><value>1215</value></point><point><value>483</value><value>1225</value></point><point><value>512</value><value>1217</value></point><point><value>517</value><value>1014</value></point></polygon></segment_polygons></object><object><name>tanker</name><bndbox><xmin>2679</xmin><ymin>893</ymin><xmax>2801</xmax><ymax>1230</ymax></bndbox><segment_polygons><polygon><point><value>2692</value><value>948</value></point><point><value>2756</value><value>909</value></point><point><value>2756</value><value>917</value></point><point><value>2795</value><value>893</value></point><point><value>2801</value><value>1228</value></point><point><value>2722</value><value>1230</value></point><point><value>2679</value><value>1186</value></point></polygon></segment_polygons></object></annotation>