<annotation><size><width>500</width><height>324</height><depth>3</depth></size><object><name>tanker</name><bndbox><xmin>141</xmin><ymin>40</ymin><xmax>161</xmax><ymax>114</ymax></bndbox><segment_polygons><polygon><point><value>161</value><value>95</value></point><point><value>159</value><value>48</value></point><point><value>155</value><value>41</value></point><point><value>148</value><value>40</value></point><point><value>144</value><value>45</value></point><point><value>141</value><value>52</value></point><point><value>141</value><value>56</value></point><point><value>145</value><value>62</value></point><point><value>148</value><value>75</value></point><point><value>148</value><value>91</value></point><point><value>148</value><value>108</value></point><point><value>147</value><value>114</value></point><point><value>151</value><value>112</value></point><point><value>152</value><value>105</value></point></polygon></segment_polygons></object><object><name>tanker</name><bndbox><xmin>125</xmin><ymin>56</ymin><xmax>149</xmax><ymax>149</ymax></bndbox><segment_polygons><polygon><point><value>136</value><value>56</value></point><point><value>125</value><value>72</value></point><point><value>125</value><value>146</value></point><point><value>133</value><value>149</value></point><point><value>141</value><value>145</value></point><point><value>149</value><value>117</value></point><point><value>146</value><value>71</value></point><point><value>146</value><value>66</value></point></polygon></segment_polygons></object><object><name>building</name><bndbox><xmin>344</xmin><ymin>198</ymin><xmax>447</xmax><ymax>264</ymax></bndbox><segment_polygons><polygon><point><value>445</value><value>262</value></point><point><value>447</value><value>249</value></point><point><value>437</value><value>229</value></point><point><value>425</value><value>226</value></point><point><value>419</value><value>213</value></point><point><value>402</value><value>198</value></point><point><value>376</value><value>213</value></point><point><value>372</value><value>218</value></point><point><value>353</value><value>216</value></point><point><value>344</value><value>224</value></point><point><value>344</value><value>246</value></point><point><value>357</value><value>264</value></point><point><value>374</value><value>264</value></point><point><value>413</value><value>264</value></point><point><value>428</value><value>263</value></point></polygon></segment_polygons></object><object><name>building</name><bndbox><xmin>317</xmin><ymin>166</ymin><xmax>356</xmax><ymax>213</ymax></bndbox><segment_polygons><polygon><point><value>326</value><value>211</value></point><point><value>356</value><value>213</value></point><point><value>356</value><value>198</value></point><point><value>352</value><value>178</value></point><point><value>331</value><value>166</value></point><point><value>317</value><value>176</value></point></polygon></segment_polygons></object><object><name>building</name><bndbox><xmin>149</xmin><ymin>82</ymin><xmax>293</xmax><ymax>203</ymax></bndbox><segment_polygons><polygon><point><value>293</value><value>175</value></point><point><value>291</value><value>162</value></point><point><value>290</value><value>143</value></point><point><value>274</value><value>138</value></point><point><value>269</value><value>130</value></point><point><value>258</value><value>128</value></point><point><value>245</value><value>130</value></point><point><value>245</value><value>141</value></point><point><value>235</value><value>141</value></point><point><value>223</value><value>102</value></point><point><value>188</value><value>82</value></point><point><value>158</value><value>96</value></point><point><value>151</value><value>110</value></point><point><value>149</value><value>141</value></point><point><value>152</value><value>149</value></point><point><value>165</value><value>197</value></point><point><value>231</value><value>203</value></point><point><value>234</value><value>195</value></point><point><value>262</value><value>195</value></point><point><value>262</value><value>187</value></point></polygon></segment_polygons></object><object><name>building</name><bndbox><xmin>46</xmin><ymin>208</ymin><xmax>72</xmax><ymax>248</ymax></bndbox><segment_polygons><polygon><point><value>66</value><value>208</value></point><point><value>46</value><value>210</value></point><point><value>46</value><value>247</value></point><point><value>62</value><value>248</value></point><point><value>66</value><value>229</value></point><point><value>72</value><value>225</value></point></polygon></segment_polygons></object><object><name>building</name><bndbox><xmin>36</xmin><ymin>124</ymin><xmax>54</xmax><ymax>138</ymax></bndbox><segment_polygons><polygon><point><value>36</value><value>134</value></point><point><value>36</value><value>124</value></point><point><value>54</value><value>124</value></point><point><value>53</value><value>131</value></point><point><value>48</value><value>138</value></point></polygon></segment_polygons></object><object><name>trees</name><bndbox><xmin>448</xmin><ymin>179</ymin><xmax>499</xmax><ymax>271</ymax></bndbox><segment_polygons><polygon><point><value>469</value><value>269</value></point><point><value>460</value><value>259</value></point><point><value>460</value><value>243</value></point><point><value>448</value><value>232</value></point><point><value>453</value><value>214</value></point><point><value>454</value><value>204</value></point><point><value>460</value><value>196</value></point><point><value>472</value><value>189</value></point><point><value>477</value><value>181</value></point><point><value>483</value><value>179</value></point><point><value>492</value><value>179</value></point><point><value>498</value><value>180</value></point><point><value>499</value><value>237</value></point><point><value>497</value><value>271</value></point></polygon></segment_polygons></object><object><name>trees</name><bndbox><xmin>49</xmin><ymin>198</ymin><xmax>131</xmax><ymax>278</ymax></bndbox><segment_polygons><polygon><point><value>92</value><value>278</value></point><point><value>111</value><value>270</value></point><point><value>122</value><value>263</value></point><point><value>128</value><value>249</value></point><point><value>131</value><value>236</value></point><point><value>127</value><value>222</value></point><point><value>123</value><value>209</value></point><point><value>114</value><value>202</value></point><point><value>101</value><value>200</value></point><point><value>82</value><value>198</value></point><point><value>75</value><value>202</value></point><point><value>69</value><value>207</value></point><point><value>64</value><value>214</value></point><point><value>58</value><value>224</value></point><point><value>58</value><value>234</value></point><point><value>58</value><value>234</value></point><point><value>50</value><value>240</value></point><point><value>49</value><value>248</value></point><point><value>51</value><value>261</value></point><point><value>59</value><value>267</value></point><point><value>65</value><value>272</value></point><point><value>70</value><value>273</value></point><point><value>77</value><value>266</value></point><point><value>91</value><value>262</value></point><point><value>82</value><value>270</value></point></polygon></segment_polygons></object><object><name>trees</name><bndbox><xmin>66</xmin><ymin>61</ymin><xmax>123</xmax><ymax>128</ymax></bndbox><segment_polygons><polygon><point><value>97</value><value>128</value></point><point><value>107</value><value>113</value></point><point><value>118</value><value>113</value></point><point><value>120</value><value>96</value></point><point><value>123</value><value>83</value></point><point><value>123</value><value>71</value></point><point><value>119</value><value>66</value></point><point><value>104</value><value>66</value></point><point><value>99</value><value>61</value></point><point><value>89</value><value>63</value></point><point><value>84</value><value>72</value></point><point><value>73</value><value>75</value></point><point><value>66</value><value>85</value></point><point><value>75</value><value>95</value></point><point><value>69</value><value>106</value></point><point><value>82</value><value>123</value></point></polygon></segment_polygons></object></annotation>