<annotation><size><width>1989</width><height>1144</height><depth>3</depth></size><object><name>trees</name><bndbox><xmin>1303</xmin><ymin>233</ymin><xmax>1565</xmax><ymax>507</ymax></bndbox><segment_polygons><polygon><point><value>1471</value><value>507</value></point><point><value>1545</value><value>463</value></point><point><value>1565</value><value>307</value></point><point><value>1466</value><value>250</value></point><point><value>1358</value><value>233</value></point><point><value>1347</value><value>312</value></point><point><value>1303</value><value>371</value></point><point><value>1324</value><value>420</value></point><point><value>1333</value><value>452</value></point></polygon></segment_polygons></object><object><name>trees</name><bndbox><xmin>795</xmin><ymin>279</ymin><xmax>945</xmax><ymax>371</ymax></bndbox><segment_polygons><polygon><point><value>901</value><value>371</value></point><point><value>945</value><value>332</value></point><point><value>860</value><value>279</value></point><point><value>828</value><value>291</value></point><point><value>795</value><value>323</value></point><point><value>805</value><value>360</value></point></polygon></segment_polygons></object><object><name>trees</name><bndbox><xmin>198</xmin><ymin>77</ymin><xmax>733</xmax><ymax>422</ymax></bndbox><segment_polygons><polygon><point><value>680</value><value>357</value></point><point><value>683</value><value>286</value></point><point><value>733</value><value>236</value></point><point><value>726</value><value>153</value></point><point><value>664</value><value>119</value></point><point><value>556</value><value>112</value></point><point><value>499</value><value>107</value></point><point><value>423</value><value>77</value></point><point><value>338</value><value>107</value></point><point><value>271</value><value>107</value></point><point><value>228</value><value>171</value></point><point><value>198</value><value>215</value></point><point><value>214</value><value>245</value></point><point><value>274</value><value>261</value></point><point><value>294</value><value>422</value></point><point><value>402</value><value>397</value></point><point><value>448</value><value>355</value></point><point><value>453</value><value>328</value></point><point><value>464</value><value>323</value></point><point><value>483</value><value>279</value></point><point><value>579</value><value>245</value></point></polygon></segment_polygons></object><object><name>trees</name><bndbox><xmin>765</xmin><ymin>116</ymin><xmax>894</xmax><ymax>220</ymax></bndbox><segment_polygons><polygon><point><value>798</value><value>220</value></point><point><value>890</value><value>217</value></point><point><value>894</value><value>160</value></point><point><value>834</value><value>116</value></point><point><value>768</value><value>162</value></point><point><value>765</value><value>215</value></point></polygon></segment_polygons></object><object><name>trees</name><bndbox><xmin>386</xmin><ymin>861</ymin><xmax>490</xmax><ymax>1058</ymax></bndbox><segment_polygons><polygon><point><value>490</value><value>1058</value></point><point><value>414</value><value>861</value></point><point><value>386</value><value>1045</value></point></polygon></segment_polygons></object><object><name>trees</name><bndbox><xmin>258</xmin><ymin>530</ymin><xmax>462</xmax><ymax>808</ymax></bndbox><segment_polygons><polygon><point><value>462</value><value>744</value></point><point><value>320</value><value>530</value></point><point><value>258</value><value>734</value></point><point><value>306</value><value>808</value></point></polygon></segment_polygons></object><object><name>trees</name><bndbox><xmin>0</xmin><ymin>693</ymin><xmax>290</xmax><ymax>950</ymax></bndbox><segment_polygons><polygon><point><value>255</value><value>927</value></point><point><value>278</value><value>868</value></point><point><value>290</value><value>808</value></point><point><value>225</value><value>755</value></point><point><value>152</value><value>693</value></point><point><value>124</value><value>785</value></point><point><value>0</value><value>725</value></point><point><value>18</value><value>923</value></point><point><value>94</value><value>950</value></point><point><value>124</value><value>879</value></point><point><value>182</value><value>872</value></point><point><value>177</value><value>918</value></point></polygon></segment_polygons></object><object><name>trees</name><bndbox><xmin>122</xmin><ymin>886</ymin><xmax>237</xmax><ymax>1035</ymax></bndbox><segment_polygons><polygon><point><value>136</value><value>1003</value></point><point><value>122</value><value>955</value></point><point><value>179</value><value>886</value></point><point><value>237</value><value>960</value></point><point><value>225</value><value>1035</value></point></polygon></segment_polygons></object><object><name>trees</name><bndbox><xmin>1853</xmin><ymin>576</ymin><xmax>1951</xmax><ymax>760</ymax></bndbox><segment_polygons><polygon><point><value>1869</value><value>725</value></point><point><value>1853</value><value>615</value></point><point><value>1896</value><value>576</value></point><point><value>1951</value><value>679</value></point><point><value>1938</value><value>760</value></point></polygon></segment_polygons></object><object><name>trees</name><bndbox><xmin>1032</xmin><ymin>783</ymin><xmax>1165</xmax><ymax>923</ymax></bndbox><segment_polygons><polygon><point><value>1092</value><value>923</value></point><point><value>1039</value><value>902</value></point><point><value>1032</value><value>845</value></point><point><value>1041</value><value>783</value></point><point><value>1106</value><value>787</value></point><point><value>1165</value><value>861</value></point></polygon></segment_polygons></object><object><name>trees</name><bndbox><xmin>775</xmin><ymin>812</ymin><xmax>910</xmax><ymax>976</ymax></bndbox><segment_polygons><polygon><point><value>853</value><value>976</value></point><point><value>906</value><value>946</value></point><point><value>910</value><value>884</value></point><point><value>848</value><value>817</value></point><point><value>782</value><value>812</value></point><point><value>775</value><value>923</value></point><point><value>777</value><value>971</value></point></polygon></segment_polygons></object><object><name>trees</name><bndbox><xmin>1122</xmin><ymin>24</ymin><xmax>1156</xmax><ymax>114</ymax></bndbox><segment_polygons><polygon><point><value>1147</value><value>114</value></point><point><value>1143</value><value>90</value></point><point><value>1122</value><value>89</value></point><point><value>1124</value><value>61</value></point><point><value>1137</value><value>33</value></point><point><value>1140</value><value>24</value></point><point><value>1156</value><value>47</value></point><point><value>1156</value><value>63</value></point><point><value>1155</value><value>86</value></point><point><value>1150</value><value>97</value></point></polygon></segment_polygons></object><object><name>building</name><bndbox><xmin>520</xmin><ymin>495</ymin><xmax>1599</xmax><ymax>803</ymax></bndbox><segment_polygons><polygon><point><value>1484</value><value>799</value></point><point><value>1599</value><value>742</value></point><point><value>1594</value><value>677</value></point><point><value>1524</value><value>647</value></point><point><value>1479</value><value>631</value></point><point><value>1459</value><value>600</value></point><point><value>1417</value><value>613</value></point><point><value>1414</value><value>581</value></point><point><value>1352</value><value>555</value></point><point><value>1308</value><value>587</value></point><point><value>1215</value><value>553</value></point><point><value>1207</value><value>517</value></point><point><value>1097</value><value>495</value></point><point><value>988</value><value>540</value></point><point><value>998</value><value>607</value></point><point><value>944</value><value>615</value></point><point><value>939</value><value>581</value></point><point><value>903</value><value>587</value></point><point><value>903</value><value>615</value></point><point><value>700</value><value>638</value></point><point><value>695</value><value>618</value></point><point><value>520</value><value>628</value></point><point><value>538</value><value>803</value></point><point><value>699</value><value>789</value></point><point><value>1040</value><value>748</value></point><point><value>1230</value><value>724</value></point></polygon></segment_polygons></object><object><name>building</name><bndbox><xmin>1825</xmin><ymin>413</ymin><xmax>1970</xmax><ymax>537</ymax></bndbox><segment_polygons><polygon><point><value>1880</value><value>537</value></point><point><value>1956</value><value>498</value></point><point><value>1970</value><value>440</value></point><point><value>1894</value><value>413</value></point><point><value>1825</value><value>461</value></point><point><value>1825</value><value>509</value></point></polygon></segment_polygons></object><object><name>building</name><bndbox><xmin>1756</xmin><ymin>518</ymin><xmax>1841</xmax><ymax>601</ymax></bndbox><segment_polygons><polygon><point><value>1841</value><value>583</value></point><point><value>1841</value><value>551</value></point><point><value>1809</value><value>518</value></point><point><value>1761</value><value>560</value></point><point><value>1756</value><value>596</value></point><point><value>1814</value><value>601</value></point></polygon></segment_polygons></object><object><name>trees</name><bndbox><xmin>8</xmin><ymin>327</ymin><xmax>128</xmax><ymax>504</ymax></bndbox><segment_polygons><polygon><point><value>85</value><value>504</value></point><point><value>109</value><value>456</value></point><point><value>115</value><value>416</value></point><point><value>128</value><value>374</value></point><point><value>91</value><value>345</value></point><point><value>61</value><value>351</value></point><point><value>35</value><value>329</value></point><point><value>14</value><value>327</value></point><point><value>10</value><value>348</value></point><point><value>8</value><value>403</value></point><point><value>12</value><value>429</value></point><point><value>25</value><value>429</value></point><point><value>28</value><value>436</value></point><point><value>26</value><value>457</value></point><point><value>37</value><value>476</value></point><point><value>63</value><value>476</value></point></polygon></segment_polygons></object></annotation>