<annotation><size><width>618</width><height>419</height><depth>3</depth></size><object><name>building</name><bndbox><xmin>225</xmin><ymin>315</ymin><xmax>309</xmax><ymax>378</ymax></bndbox><segment_polygons><polygon><point><value>266</value><value>378</value></point><point><value>309</value><value>367</value></point><point><value>307</value><value>358</value></point><point><value>295</value><value>349</value></point><point><value>282</value><value>339</value></point><point><value>262</value><value>325</value></point><point><value>249</value><value>315</value></point><point><value>238</value><value>322</value></point><point><value>228</value><value>334</value></point><point><value>225</value><value>352</value></point></polygon></segment_polygons></object><object><name>building</name><bndbox><xmin>0</xmin><ymin>275</ymin><xmax>88</xmax><ymax>347</ymax></bndbox><segment_polygons><polygon><point><value>25</value><value>347</value></point><point><value>88</value><value>336</value></point><point><value>87</value><value>314</value></point><point><value>64</value><value>283</value></point><point><value>38</value><value>275</value></point><point><value>0</value><value>304</value></point><point><value>0</value><value>308</value></point></polygon></segment_polygons></object><object><name>building</name><bndbox><xmin>476</xmin><ymin>194</ymin><xmax>545</xmax><ymax>259</ymax></bndbox><segment_polygons><polygon><point><value>496</value><value>259</value></point><point><value>545</value><value>247</value></point><point><value>542</value><value>214</value></point><point><value>534</value><value>207</value></point><point><value>529</value><value>207</value></point><point><value>522</value><value>198</value></point><point><value>510</value><value>199</value></point><point><value>502</value><value>201</value></point><point><value>495</value><value>194</value></point><point><value>485</value><value>205</value></point><point><value>485</value><value>213</value></point><point><value>477</value><value>215</value></point><point><value>476</value><value>228</value></point><point><value>482</value><value>231</value></point><point><value>480</value><value>247</value></point></polygon></segment_polygons></object><object><name>building</name><bndbox><xmin>35</xmin><ymin>52</ymin><xmax>150</xmax><ymax>122</ymax></bndbox><segment_polygons><polygon><point><value>96</value><value>122</value></point><point><value>150</value><value>112</value></point><point><value>143</value><value>99</value></point><point><value>80</value><value>56</value></point><point><value>63</value><value>52</value></point><point><value>52</value><value>59</value></point><point><value>44</value><value>64</value></point><point><value>35</value><value>80</value></point></polygon></segment_polygons></object><object><name>building</name><bndbox><xmin>159</xmin><ymin>27</ymin><xmax>268</xmax><ymax>95</ymax></bndbox><segment_polygons><polygon><point><value>217</value><value>95</value></point><point><value>268</value><value>83</value></point><point><value>254</value><value>71</value></point><point><value>234</value><value>55</value></point><point><value>201</value><value>34</value></point><point><value>193</value><value>27</value></point><point><value>184</value><value>30</value></point><point><value>174</value><value>36</value></point><point><value>163</value><value>45</value></point><point><value>159</value><value>52</value></point></polygon></segment_polygons></object><object><name>tanker</name><bndbox><xmin>144</xmin><ymin>235</ymin><xmax>174</xmax><ymax>275</ymax></bndbox><segment_polygons><polygon><point><value>174</value><value>267</value></point><point><value>172</value><value>243</value></point><point><value>171</value><value>239</value></point><point><value>171</value><value>239</value></point><point><value>169</value><value>237</value></point><point><value>164</value><value>235</value></point><point><value>157</value><value>235</value></point><point><value>150</value><value>235</value></point><point><value>145</value><value>240</value></point><point><value>144</value><value>245</value></point><point><value>144</value><value>247</value></point><point><value>144</value><value>256</value></point><point><value>144</value><value>266</value></point><point><value>144</value><value>273</value></point><point><value>150</value><value>275</value></point><point><value>159</value><value>275</value></point><point><value>167</value><value>272</value></point></polygon></segment_polygons></object></annotation>