<annotation><size><width>1920</width><height>1080</height><depth>3</depth></size><object><name>tanker</name><bndbox><xmin>461</xmin><ymin>441</ymin><xmax>635</xmax><ymax>734</ymax></bndbox><segment_polygons><polygon><point><value>476</value><value>710</value></point><point><value>461</value><value>497</value></point><point><value>467</value><value>471</value></point><point><value>489</value><value>462</value></point><point><value>504</value><value>458</value></point><point><value>521</value><value>441</value></point><point><value>554</value><value>450</value></point><point><value>573</value><value>456</value></point><point><value>620</value><value>473</value></point><point><value>620</value><value>514</value></point><point><value>623</value><value>573</value></point><point><value>631</value><value>642</value></point><point><value>635</value><value>678</value></point><point><value>627</value><value>700</value></point><point><value>599</value><value>710</value></point><point><value>537</value><value>734</value></point></polygon></segment_polygons></object><object><name>tanker</name><bndbox><xmin>638</xmin><ymin>419</ymin><xmax>782</xmax><ymax>685</ymax></bndbox><segment_polygons><polygon><point><value>640</value><value>654</value></point><point><value>638</value><value>456</value></point><point><value>649</value><value>437</value></point><point><value>687</value><value>419</value></point><point><value>724</value><value>426</value></point><point><value>767</value><value>445</value></point><point><value>769</value><value>493</value></point><point><value>778</value><value>564</value></point><point><value>782</value><value>641</value></point><point><value>771</value><value>667</value></point><point><value>720</value><value>685</value></point><point><value>677</value><value>680</value></point></polygon></segment_polygons></object><object><name>tanker</name><bndbox><xmin>786</xmin><ymin>376</ymin><xmax>929</xmax><ymax>637</ymax></bndbox><segment_polygons><polygon><point><value>799</value><value>616</value></point><point><value>786</value><value>532</value></point><point><value>795</value><value>493</value></point><point><value>786</value><value>417</value></point><point><value>853</value><value>376</value></point><point><value>920</value><value>409</value></point><point><value>922</value><value>452</value></point><point><value>929</value><value>529</value></point><point><value>929</value><value>585</value></point><point><value>929</value><value>605</value></point><point><value>913</value><value>620</value></point><point><value>877</value><value>635</value></point><point><value>831</value><value>637</value></point></polygon></segment_polygons></object><object><name>tanker</name><bndbox><xmin>926</xmin><ymin>361</ymin><xmax>1064</xmax><ymax>609</ymax></bndbox><segment_polygons><polygon><point><value>948</value><value>586</value></point><point><value>926</value><value>389</value></point><point><value>985</value><value>361</value></point><point><value>1062</value><value>404</value></point><point><value>1064</value><value>516</value></point><point><value>1062</value><value>575</value></point><point><value>1028</value><value>601</value></point><point><value>985</value><value>609</value></point></polygon></segment_polygons></object><object><name>tanker</name><bndbox><xmin>1082</xmin><ymin>337</ymin><xmax>1292</xmax><ymax>478</ymax></bndbox><segment_polygons><polygon><point><value>1114</value><value>478</value></point><point><value>1292</value><value>441</value></point><point><value>1292</value><value>365</value></point><point><value>1209</value><value>337</value></point><point><value>1096</value><value>372</value></point><point><value>1082</value><value>452</value></point></polygon></segment_polygons></object><object><name>building</name><bndbox><xmin>1099</xmin><ymin>445</ymin><xmax>1362</xmax><ymax>609</ymax></bndbox><segment_polygons><polygon><point><value>1099</value><value>564</value></point><point><value>1099</value><value>493</value></point><point><value>1325</value><value>445</value></point><point><value>1362</value><value>462</value></point><point><value>1359</value><value>545</value></point><point><value>1146</value><value>609</value></point></polygon></segment_polygons></object><object><name>building</name><bndbox><xmin>1150</xmin><ymin>232</ymin><xmax>1491</xmax><ymax>493</ymax></bndbox><segment_polygons><polygon><point><value>1299</value><value>437</value></point><point><value>1299</value><value>383</value></point><point><value>1208</value><value>335</value></point><point><value>1150</value><value>348</value></point><point><value>1165</value><value>251</value></point><point><value>1338</value><value>232</value></point><point><value>1392</value><value>255</value></point><point><value>1392</value><value>318</value></point><point><value>1491</value><value>355</value></point><point><value>1488</value><value>465</value></point><point><value>1374</value><value>493</value></point><point><value>1361</value><value>465</value></point><point><value>1327</value><value>441</value></point></polygon></segment_polygons></object><object><name>building</name><bndbox><xmin>1516</xmin><ymin>281</ymin><xmax>1586</xmax><ymax>340</ymax></bndbox><segment_polygons><polygon><point><value>1516</value><value>318</value></point><point><value>1517</value><value>281</value></point><point><value>1586</value><value>299</value></point><point><value>1586</value><value>322</value></point><point><value>1557</value><value>340</value></point></polygon></segment_polygons></object><object><name>building</name><bndbox><xmin>1491</xmin><ymin>355</ymin><xmax>1633</xmax><ymax>456</ymax></bndbox><segment_polygons><polygon><point><value>1491</value><value>441</value></point><point><value>1493</value><value>376</value></point><point><value>1555</value><value>355</value></point><point><value>1633</value><value>428</value></point><point><value>1633</value><value>437</value></point><point><value>1560</value><value>456</value></point></polygon></segment_polygons></object><object><name>building</name><bndbox><xmin>1583</xmin><ymin>342</ymin><xmax>1749</xmax><ymax>452</ymax></bndbox><segment_polygons><polygon><point><value>1583</value><value>376</value></point><point><value>1620</value><value>361</value></point><point><value>1700</value><value>342</value></point><point><value>1715</value><value>387</value></point><point><value>1749</value><value>415</value></point><point><value>1749</value><value>435</value></point><point><value>1672</value><value>452</value></point><point><value>1631</value><value>439</value></point><point><value>1629</value><value>419</value></point></polygon></segment_polygons></object><object><name>building</name><bndbox><xmin>1247</xmin><ymin>64</ymin><xmax>1318</xmax><ymax>87</ymax></bndbox><segment_polygons><polygon><point><value>1267</value><value>87</value></point><point><value>1318</value><value>77</value></point><point><value>1282</value><value>64</value></point><point><value>1247</value><value>70</value></point></polygon></segment_polygons></object><object><name>building</name><bndbox><xmin>1032</xmin><ymin>44</ymin><xmax>1097</xmax><ymax>74</ymax></bndbox><segment_polygons><polygon><point><value>1043</value><value>74</value></point><point><value>1097</value><value>63</value></point><point><value>1077</value><value>44</value></point><point><value>1032</value><value>48</value></point></polygon></segment_polygons></object></annotation>