<annotation><size><width>1280</width><height>720</height><depth>3</depth></size><object><name>tanker</name><bndbox><xmin>723</xmin><ymin>143</ymin><xmax>1054</xmax><ymax>509</ymax></bndbox><segment_polygons><polygon><point><value>731</value><value>424</value></point><point><value>731</value><value>248</value></point><point><value>780</value><value>210</value></point><point><value>825</value><value>187</value></point><point><value>868</value><value>165</value></point><point><value>895</value><value>143</value></point><point><value>927</value><value>168</value></point><point><value>970</value><value>194</value></point><point><value>1011</value><value>227</value></point><point><value>1054</value><value>248</value></point><point><value>1054</value><value>291</value></point><point><value>1054</value><value>404</value></point><point><value>1046</value><value>454</value></point><point><value>1034</value><value>481</value></point><point><value>982</value><value>500</value></point><point><value>909</value><value>509</value></point><point><value>811</value><value>491</value></point><point><value>751</value><value>467</value></point><point><value>723</value><value>435</value></point></polygon></segment_polygons></object><object><name>tanker</name><bndbox><xmin>1027</xmin><ymin>201</ymin><xmax>1118</xmax><ymax>386</ymax></bndbox><segment_polygons><polygon><point><value>1061</value><value>386</value></point><point><value>1091</value><value>386</value></point><point><value>1102</value><value>371</value></point><point><value>1118</value><value>249</value></point><point><value>1079</value><value>210</value></point><point><value>1062</value><value>201</value></point><point><value>1034</value><value>219</value></point><point><value>1027</value><value>228</value></point><point><value>1055</value><value>255</value></point></polygon></segment_polygons></object><object><name>tanker</name><bndbox><xmin>947</xmin><ymin>155</ymin><xmax>1050</xmax><ymax>223</ymax></bndbox><segment_polygons><polygon><point><value>1050</value><value>197</value></point><point><value>971</value><value>155</value></point><point><value>947</value><value>171</value></point><point><value>1018</value><value>223</value></point></polygon></segment_polygons></object><object><name>building</name><bndbox><xmin>1022</xmin><ymin>45</ymin><xmax>1277</xmax><ymax>142</ymax></bndbox><segment_polygons><polygon><point><value>1022</value><value>112</value></point><point><value>1022</value><value>74</value></point><point><value>1087</value><value>45</value></point><point><value>1276</value><value>53</value></point><point><value>1277</value><value>142</value></point></polygon></segment_polygons></object><object><name>building</name><bndbox><xmin>778</xmin><ymin>15</ymin><xmax>939</xmax><ymax>154</ymax></bndbox><segment_polygons><polygon><point><value>938</value><value>127</value></point><point><value>939</value><value>85</value></point><point><value>926</value><value>62</value></point><point><value>899</value><value>52</value></point><point><value>867</value><value>44</value></point><point><value>867</value><value>28</value></point><point><value>861</value><value>15</value></point><point><value>857</value><value>25</value></point><point><value>857</value><value>39</value></point><point><value>817</value><value>39</value></point><point><value>803</value><value>55</value></point><point><value>784</value><value>84</value></point><point><value>778</value><value>130</value></point><point><value>816</value><value>149</value></point><point><value>852</value><value>153</value></point><point><value>863</value><value>154</value></point><point><value>877</value><value>152</value></point><point><value>893</value><value>138</value></point><point><value>904</value><value>142</value></point></polygon></segment_polygons></object><object><name>building</name><bndbox><xmin>640</xmin><ymin>154</ymin><xmax>864</xmax><ymax>301</ymax></bndbox><segment_polygons><polygon><point><value>857</value><value>154</value></point><point><value>662</value><value>170</value></point><point><value>640</value><value>217</value></point><point><value>643</value><value>269</value></point><point><value>673</value><value>301</value></point><point><value>724</value><value>292</value></point><point><value>728</value><value>248</value></point><point><value>864</value><value>164</value></point></polygon></segment_polygons></object><object><name>tanker</name><bndbox><xmin>681</xmin><ymin>4</ymin><xmax>757</xmax><ymax>168</ymax></bndbox><segment_polygons><polygon><point><value>757</value><value>155</value></point><point><value>753</value><value>4</value></point><point><value>681</value><value>4</value></point><point><value>681</value><value>168</value></point></polygon></segment_polygons></object></annotation>