{"usage":"generic","name":"Farms","type":0,"scenario":"","prop_version":"PROP_VESION_1","pre_process":"","category_prop_info":"[]","file_prop_info":"[{\"_id\":\"7709f53a-ab31-4666-9a05-8600686ab1a1\",\"file_type\":\"image\",\"parent_id\":null,\"generate_type\":\"manual\",\"category_id\":null,\"category_name\":null,\"created_at\":1553688675416,\"label_type\":\"manual\",\"uploaded_at\":1553688675416}, {\"_id\":\"2333c1ef-0a7a-4bbf-95f5-16c947e79aa4\",\"file_type\":\"image\",\"parent_id\":null,\"generate_type\":\"manual\",\"category_id\":null,\"category_name\":null,\"created_at\":1554468226113,\"label_type\":\"manual\",\"uploaded_at\":1554468226113}, {\"_id\":\"c1850d1d-9186-4079-8dad-356844de9c6e\",\"file_type\":\"image\",\"parent_id\":null,\"generate_type\":\"manual\",\"category_id\":null,\"category_name\":null,\"created_at\":1554468224073,\"label_type\":\"manual\",\"uploaded_at\":1554468224073}, {\"_id\":\"339512a2-e150-481b-9e5b-0216e9438aa1\",\"file_type\":\"image\",\"parent_id\":null,\"generate_type\":\"manual\",\"category_id\":null,\"category_name\":null,\"created_at\":1553688676306,\"label_type\":\"manual\",\"uploaded_at\":1553688676306}, {\"_id\":\"6508b71d-1525-43c4-92e6-5b440559767b\",\"file_type\":\"image\",\"parent_id\":null,\"generate_type\":\"manual\",\"category_id\":null,\"category_name\":null,\"created_at\":1553688676148,\"label_type\":\"manual\",\"uploaded_at\":1553688676148}, {\"_id\":\"88c56fc7-692a-4666-b10f-03dd46be3bda\",\"file_type\":\"image\",\"parent_id\":null,\"generate_type\":\"manual\",\"category_id\":null,\"category_name\":null,\"created_at\":1554478654032,\"label_type\":\"manual\",\"uploaded_at\":1554478654032}, {\"_id\":\"fdc86803-cf52-4c1e-abdc-7e481ada88f5\",\"file_type\":\"image\",\"parent_id\":null,\"generate_type\":\"manual\",\"category_id\":null,\"category_name\":null,\"created_at\":1554478951380,\"label_type\":\"manual\",\"uploaded_at\":1554478951380}, {\"_id\":\"8fdfacd2-ccfe-41da-808f-52ecea0b9ddc\",\"file_type\":\"image\",\"parent_id\":null,\"generate_type\":\"manual\",\"category_id\":null,\"category_name\":null,\"created_at\":1554478951312,\"label_type\":\"manual\",\"uploaded_at\":1554478951312}, {\"_id\":\"a855135f-6e67-42d7-b2e1-dc25aaab311a\",\"file_type\":\"image\",\"parent_id\":null,\"generate_type\":\"manual\",\"category_id\":null,\"category_name\":null,\"created_at\":1554478951205,\"label_type\":\"manual\",\"uploaded_at\":1554478951205}, {\"_id\":\"05b8217e-349f-4132-805c-7496ab8d22fa\",\"file_type\":\"image\",\"parent_id\":null,\"generate_type\":\"manual\",\"category_id\":null,\"category_name\":null,\"created_at\":1554478950739,\"label_type\":\"manual\",\"uploaded_at\":1554478950739}, {\"_id\":\"9914f293-29fa-43db-bfd2-3e455a7d68f0\",\"file_type\":\"image\",\"parent_id\":null,\"generate_type\":\"manual\",\"category_id\":null,\"category_name\":null,\"created_at\":1554472634064,\"label_type\":\"manual\",\"uploaded_at\":1554472634064}, {\"_id\":\"926d8b3d-5ede-4f17-955d-a0a01b56fecd\",\"file_type\":\"image\",\"parent_id\":null,\"generate_type\":\"manual\",\"category_id\":null,\"category_name\":null,\"created_at\":1554472634867,\"label_type\":\"manual\",\"uploaded_at\":1554472634867}, {\"_id\":\"4255ef31-bdf5-4518-ad08-cb93af026336\",\"file_type\":\"image\",\"parent_id\":null,\"generate_type\":\"manual\",\"category_id\":null,\"category_name\":null,\"created_at\":1554472634914,\"label_type\":\"manual\",\"uploaded_at\":1554472634914}, {\"_id\":\"2af607f3-32c6-4d4c-b032-162e0f5b337d\",\"file_type\":\"image\",\"parent_id\":null,\"generate_type\":\"manual\",\"category_id\":null,\"category_name\":null,\"created_at\":1554472634961,\"label_type\":\"manual\",\"uploaded_at\":1554472634961}, {\"_id\":\"f18a7aa0-2d61-4e64-969b-979882befae8\",\"file_type\":\"image\",\"parent_id\":null,\"generate_type\":\"manual\",\"category_id\":null,\"category_name\":null,\"created_at\":1554472635564,\"label_type\":\"manual\",\"uploaded_at\":1554472635564}, {\"_id\":\"b012094a-3acd-4c61-b4a8-cfd987fa0ff3\",\"file_type\":\"image\",\"parent_id\":null,\"generate_type\":\"manual\",\"category_id\":null,\"category_name\":null,\"created_at\":1554468224001,\"label_type\":\"manual\",\"uploaded_at\":1554468224001}, {\"_id\":\"24963a1f-7e2f-41de-b2fe-cbc72614bdba\",\"file_type\":\"image\",\"parent_id\":null,\"generate_type\":\"manual\",\"category_id\":null,\"category_name\":null,\"created_at\":1554468225986,\"label_type\":\"manual\",\"uploaded_at\":1554468225986}, {\"_id\":\"9e054bdd-2eb8-4d17-9933-8704c96d1c2f\",\"file_type\":\"image\",\"parent_id\":null,\"generate_type\":\"manual\",\"category_id\":null,\"category_name\":null,\"created_at\":1554468224315,\"label_type\":\"manual\",\"uploaded_at\":1554468224315}, {\"_id\":\"1a3c3c88-32f0-4efc-a7e4-7820898b3aad\",\"file_type\":\"image\",\"parent_id\":null,\"generate_type\":\"manual\",\"category_id\":null,\"category_name\":null,\"created_at\":1554468224105,\"label_type\":\"manual\",\"uploaded_at\":1554468224105}, {\"_id\":\"53024df1-bbba-4811-9253-103735d92e98\",\"file_type\":\"image\",\"parent_id\":null,\"generate_type\":\"manual\",\"category_id\":null,\"category_name\":null,\"created_at\":1554467711056,\"label_type\":\"manual\",\"uploaded_at\":1554467711056}, {\"_id\":\"93c8ee9f-ceea-4557-b8c0-a17783cc2315\",\"file_type\":\"image\",\"parent_id\":null,\"generate_type\":\"manual\",\"category_id\":null,\"category_name\":null,\"created_at\":1553688676415,\"label_type\":\"manual\",\"uploaded_at\":1553688676415}, {\"_id\":\"c172a74a-4329-4fbc-a2dc-c93ea40e7ac8\",\"file_type\":\"image\",\"parent_id\":null,\"generate_type\":\"manual\",\"category_id\":null,\"category_name\":null,\"created_at\":1553688675808,\"label_type\":\"manual\",\"uploaded_at\":1553688675808}, {\"_id\":\"83dc8005-ca58-429c-89c8-e15f9103e82e\",\"file_type\":\"image\",\"parent_id\":null,\"generate_type\":\"manual\",\"category_id\":null,\"category_name\":null,\"created_at\":1553688676125,\"label_type\":\"manual\",\"uploaded_at\":1553688676125}]"}